<metadata xml:lang="de"><Esri><CreaDate>20191022</CreaDate><CreaTime>08452900</CreaTime><ArcGISFormat>1.0</ArcGISFormat><SyncOnce>FALSE</SyncOnce><DataProperties><lineage><Process ToolSource="c:\program files (x86)\arcgis\desktop10.3\ArcToolbox\Toolboxes\Data Management Tools.tbx\CalculateField" Date="20160503" Time="083548">CalculateField Flaechen Schema 2600 VB #</Process><Process ToolSource="c:\program files (x86)\arcgis\desktop10.3\ArcToolbox\Toolboxes\Data Management Tools.tbx\CalculateField" Date="20160503" Time="083603">CalculateField Flaechen Profil 2601 VB #</Process><Process ToolSource="c:\program files (x86)\arcgis\desktop10.3\ArcToolbox\Toolboxes\Data Management Tools.tbx\CalculateField" Date="20160503" Time="083654">CalculateField Flaechen Schema 4900 VB #</Process><Process ToolSource="c:\program files (x86)\arcgis\desktop10.3\ArcToolbox\Toolboxes\Data Management Tools.tbx\CalculateField" Date="20160503" Time="083703">CalculateField Flaechen Profil 4999 VB #</Process><Process ToolSource="c:\program files (x86)\arcgis\desktop10.3\ArcToolbox\Toolboxes\Data Management Tools.tbx\CalculateField" Date="20160503" Time="083732">CalculateField Flaechen Schema 2300 VB #</Process><Process ToolSource="c:\program files (x86)\arcgis\desktop10.3\ArcToolbox\Toolboxes\Data Management Tools.tbx\CalculateField" Date="20160503" Time="083741">CalculateField Flaechen Profil 2303 VB #</Process><Process ToolSource="c:\program files (x86)\arcgis\desktop10.3\ArcToolbox\Toolboxes\Data Management Tools.tbx\CalculateField" Date="20160503" Time="083827">CalculateField Flaechen Schema 1100 VB #</Process><Process ToolSource="c:\program files (x86)\arcgis\desktop10.3\ArcToolbox\Toolboxes\Data Management Tools.tbx\CalculateField" Date="20160503" Time="083838">CalculateField Flaechen Profil 1101 VB #</Process><Process ToolSource="c:\program files (x86)\arcgis\desktop10.3\ArcToolbox\Toolboxes\Data Management Tools.tbx\CalculateField" Date="20160503" Time="083848">CalculateField Flaechen Profil 1102 VB #</Process><Process ToolSource="c:\program files (x86)\arcgis\desktop10.3\ArcToolbox\Toolboxes\Data Management Tools.tbx\CalculateField" Date="20160503" Time="084328">CalculateField Flaechen Schema 1700 VB #</Process><Process ToolSource="c:\program files (x86)\arcgis\desktop10.3\ArcToolbox\Toolboxes\Data Management Tools.tbx\CalculateField" Date="20160503" Time="084340">CalculateField Flaechen Profil 1702 VB #</Process><Process ToolSource="c:\program files (x86)\arcgis\desktop10.3\ArcToolbox\Toolboxes\Data Management Tools.tbx\CalculateField" Date="20160503" Time="084352">CalculateField Flaechen Profil 1701 VB #</Process><Process ToolSource="c:\program files (x86)\arcgis\desktop10.3\ArcToolbox\Toolboxes\Data Management Tools.tbx\CalculateField" Date="20160503" Time="084428">CalculateField Flaechen Schema 2200 VB #</Process><Process ToolSource="c:\program files (x86)\arcgis\desktop10.3\ArcToolbox\Toolboxes\Data Management Tools.tbx\CalculateField" Date="20160503" Time="084438">CalculateField Flaechen Profil 2207 VB #</Process><Process ToolSource="c:\program files (x86)\arcgis\desktop10.3\ArcToolbox\Toolboxes\Data Management Tools.tbx\CalculateField" Date="20160503" Time="084532">CalculateField Flaechen Schema 2900 VB #</Process><Process ToolSource="c:\program files (x86)\arcgis\desktop10.3\ArcToolbox\Toolboxes\Data Management Tools.tbx\CalculateField" Date="20160503" Time="084547">CalculateField Flaechen Profil 2903 VB #</Process><Process ToolSource="c:\program files (x86)\arcgis\desktop10.3\ArcToolbox\Toolboxes\Data Management Tools.tbx\CalculateField" Date="20160503" Time="084602">CalculateField Flaechen Profil 2901 VB #</Process><Process ToolSource="c:\program files (x86)\arcgis\desktop10.3\ArcToolbox\Toolboxes\Data Management Tools.tbx\CalculateField" Date="20160503" Time="084611">CalculateField Flaechen Profil 2902 VB #</Process><Process ToolSource="c:\program files (x86)\arcgis\desktop10.3\ArcToolbox\Toolboxes\Data Management Tools.tbx\CalculateField" Date="20160503" Time="084631">CalculateField Flaechen Schema 1900 VB #</Process><Process ToolSource="c:\program files (x86)\arcgis\desktop10.3\ArcToolbox\Toolboxes\Data Management Tools.tbx\CalculateField" Date="20160503" Time="084641">CalculateField Flaechen Profil 1901 VB #</Process><Process ToolSource="c:\program files (x86)\arcgis\desktop10.3\ArcToolbox\Toolboxes\Data Management Tools.tbx\CalculateField" Date="20160503" Time="084655">CalculateField Flaechen Schema 1100 VB #</Process><Process ToolSource="c:\program files (x86)\arcgis\desktop10.3\ArcToolbox\Toolboxes\Data Management Tools.tbx\CalculateField" Date="20160503" Time="084703">CalculateField Flaechen Profil 1103 VB #</Process><Process ToolSource="c:\program files (x86)\arcgis\desktop10.3\ArcToolbox\Toolboxes\Data Management Tools.tbx\CalculateField" Date="20160503" Time="084740">CalculateField Flaechen Schema 1500 VB #</Process><Process ToolSource="c:\program files (x86)\arcgis\desktop10.3\ArcToolbox\Toolboxes\Data Management Tools.tbx\CalculateField" Date="20160503" Time="084753">CalculateField Flaechen Profil 1501 VB #</Process><Process ToolSource="c:\program files (x86)\arcgis\desktop10.3\ArcToolbox\Toolboxes\Data Management Tools.tbx\CalculateField" Date="20160503" Time="084816">CalculateField Flaechen Schema 1500 VB #</Process><Process ToolSource="c:\program files (x86)\arcgis\desktop10.3\ArcToolbox\Toolboxes\Data Management Tools.tbx\CalculateField" Date="20160503" Time="084826">CalculateField Flaechen Profil 1504 VB #</Process><Process ToolSource="c:\program files (x86)\arcgis\desktop10.3\ArcToolbox\Toolboxes\Data Management Tools.tbx\CalculateField" Date="20160503" Time="084843">CalculateField Flaechen Schema 4800 VB #</Process><Process ToolSource="c:\program files (x86)\arcgis\desktop10.3\ArcToolbox\Toolboxes\Data Management Tools.tbx\CalculateField" Date="20160503" Time="084857">CalculateField Flaechen Schema 1100 VB #</Process><Process ToolSource="c:\program files (x86)\arcgis\desktop10.3\ArcToolbox\Toolboxes\Data Management Tools.tbx\CalculateField" Date="20160503" Time="084905">CalculateField Flaechen Schema 1000 VB #</Process><Process ToolSource="c:\program files (x86)\arcgis\desktop10.3\ArcToolbox\Toolboxes\Data Management Tools.tbx\CalculateField" Date="20160503" Time="084915">CalculateField Flaechen Profil 1003 VB #</Process><Process ToolSource="c:\program files (x86)\arcgis\desktop10.3\ArcToolbox\Toolboxes\Data Management Tools.tbx\CalculateField" Date="20160503" Time="084925">CalculateField Flaechen Schema 1000 VB #</Process><Process ToolSource="c:\program files (x86)\arcgis\desktop10.3\ArcToolbox\Toolboxes\Data Management Tools.tbx\CalculateField" Date="20160503" Time="084934">CalculateField Flaechen Profil 1004 VB #</Process><Process ToolSource="c:\program files (x86)\arcgis\desktop10.3\ArcToolbox\Toolboxes\Data Management Tools.tbx\CalculateField" Date="20160503" Time="084954">CalculateField Flaechen Schema 2800 VB #</Process><Process ToolSource="c:\program files (x86)\arcgis\desktop10.3\ArcToolbox\Toolboxes\Data Management Tools.tbx\CalculateField" Date="20160503" Time="085000">CalculateField Flaechen Profil 2801 VB #</Process><Process ToolSource="c:\program files (x86)\arcgis\desktop10.3\ArcToolbox\Toolboxes\Data Management Tools.tbx\CalculateField" Date="20160503" Time="085031">CalculateField Flaechen Bemerkung "Infotafel" VB #</Process><Process ToolSource="c:\program files (x86)\arcgis\desktop10.3\ArcToolbox\Toolboxes\Data Management Tools.tbx\CalculateField" Date="20160503" Time="085117">CalculateField Flaechen Schema 2200 VB #</Process><Process ToolSource="c:\program files (x86)\arcgis\desktop10.3\ArcToolbox\Toolboxes\Data Management Tools.tbx\CalculateField" Date="20160503" Time="085127">CalculateField Flaechen Profil 2201 VB #</Process><Process ToolSource="c:\program files (x86)\arcgis\desktop10.3\ArcToolbox\Toolboxes\Data Management Tools.tbx\CalculateField" Date="20160503" Time="085156">CalculateField Flaechen Schema 2500 VB #</Process><Process ToolSource="c:\program files (x86)\arcgis\desktop10.3\ArcToolbox\Toolboxes\Data Management Tools.tbx\CalculateField" Date="20160503" Time="085211">CalculateField Flaechen Profil 2501 VB #</Process><Process ToolSource="c:\program files (x86)\arcgis\desktop10.3\ArcToolbox\Toolboxes\Data Management Tools.tbx\CalculateField" Date="20160503" Time="085257">CalculateField Flaechen Bemerkung "Sitzbank Holz" VB #</Process><Process ToolSource="c:\program files (x86)\arcgis\desktop10.3\ArcToolbox\Toolboxes\Data Management Tools.tbx\CalculateField" Date="20160503" Time="085418">CalculateField Flaechen Schema 4900 VB #</Process><Process ToolSource="c:\program files (x86)\arcgis\desktop10.3\ArcToolbox\Toolboxes\Data Management Tools.tbx\CalculateField" Date="20160503" Time="085438">CalculateField Flaechen Bemerkung "Mauer" VB #</Process><Process ToolSource="c:\program files (x86)\arcgis\desktop10.3\ArcToolbox\Toolboxes\Data Management Tools.tbx\CalculateField" Date="20160503" Time="085516">CalculateField Flaechen Schema 4900 VB #</Process><Process ToolSource="c:\program files (x86)\arcgis\desktop10.3\ArcToolbox\Toolboxes\Data Management Tools.tbx\CalculateField" Date="20160503" Time="085557">CalculateField Flaechen Schema 1800 VB #</Process><Process ToolSource="c:\program files (x86)\arcgis\desktop10.3\ArcToolbox\Toolboxes\Data Management Tools.tbx\CalculateField" Date="20160503" Time="085609">CalculateField Flaechen Profil 1802 VB #</Process><Process ToolSource="c:\program files (x86)\arcgis\desktop10.3\ArcToolbox\Toolboxes\Data Management Tools.tbx\CalculateField" Date="20160503" Time="085623">CalculateField Flaechen Schema 1800 VB #</Process><Process ToolSource="c:\program files (x86)\arcgis\desktop10.3\ArcToolbox\Toolboxes\Data Management Tools.tbx\CalculateField" Date="20160503" Time="085630">CalculateField Flaechen Profil 1801 VB #</Process><Process ToolSource="c:\program files (x86)\arcgis\desktop10.3\ArcToolbox\Toolboxes\Data Management Tools.tbx\CalculateField" Date="20160503" Time="085640">CalculateField Flaechen Schema 1800 VB #</Process><Process ToolSource="c:\program files (x86)\arcgis\desktop10.3\ArcToolbox\Toolboxes\Data Management Tools.tbx\CalculateField" Date="20160503" Time="085649">CalculateField Flaechen Profil 1803 VB #</Process><Process ToolSource="c:\program files (x86)\arcgis\desktop10.3\ArcToolbox\Toolboxes\Data Management Tools.tbx\CalculateField" Date="20160503" Time="085717">CalculateField Flaechen Schema 3100 VB #</Process><Process ToolSource="c:\program files (x86)\arcgis\desktop10.3\ArcToolbox\Toolboxes\Data Management Tools.tbx\CalculateField" Date="20160503" Time="085725">CalculateField Flaechen Profil 3101 VB #</Process><Process ToolSource="c:\program files (x86)\arcgis\desktop10.3\ArcToolbox\Toolboxes\Data Management Tools.tbx\CalculateField" Date="20160503" Time="085743">CalculateField Flaechen Schema 4900 VB #</Process><Process ToolSource="c:\program files (x86)\arcgis\desktop10.3\ArcToolbox\Toolboxes\Data Management Tools.tbx\CalculateField" Date="20160503" Time="085806">CalculateField Flaechen Schema 2300 VB #</Process><Process ToolSource="c:\program files (x86)\arcgis\desktop10.3\ArcToolbox\Toolboxes\Data Management Tools.tbx\CalculateField" Date="20160503" Time="085817">CalculateField Flaechen Profil 2302 VB #</Process><Process ToolSource="c:\program files (x86)\arcgis\desktop10.3\ArcToolbox\Toolboxes\Data Management Tools.tbx\CalculateField" Date="20160503" Time="085826">CalculateField Flaechen Schema 2300 VB #</Process><Process ToolSource="c:\program files (x86)\arcgis\desktop10.3\ArcToolbox\Toolboxes\Data Management Tools.tbx\CalculateField" Date="20160503" Time="085832">CalculateField Flaechen Profil 2301 VB #</Process><Process ToolSource="c:\program files (x86)\arcgis\desktop10.3\ArcToolbox\Toolboxes\Data Management Tools.tbx\CalculateField" Date="20160503" Time="085850">CalculateField Flaechen Schema 2000 VB #</Process><Process ToolSource="c:\program files (x86)\arcgis\desktop10.3\ArcToolbox\Toolboxes\Data Management Tools.tbx\CalculateField" Date="20160503" Time="085857">CalculateField Flaechen Profil 2001 VB #</Process><Process ToolSource="c:\program files (x86)\arcgis\desktop10.3\ArcToolbox\Toolboxes\Data Management Tools.tbx\CalculateField" Date="20160503" Time="085910">CalculateField Flaechen Schema 1600 VB #</Process><Process ToolSource="c:\program files (x86)\arcgis\desktop10.3\ArcToolbox\Toolboxes\Data Management Tools.tbx\CalculateField" Date="20160503" Time="085918">CalculateField Flaechen Profil 1601 VB #</Process><Process ToolSource="c:\program files (x86)\arcgis\desktop10.3\ArcToolbox\Toolboxes\Data Management Tools.tbx\CalculateField" Date="20160503" Time="095022">CalculateField Flaechen Schema 8900 VB #</Process><Process ToolSource="c:\program files (x86)\arcgis\desktop10.3\ArcToolbox\Toolboxes\Data Management Tools.tbx\CalculateField" Date="20160503" Time="095037">CalculateField Flaechen Schema 4900 VB #</Process><Process ToolSource="c:\program files (x86)\arcgis\desktop10.3\ArcToolbox\Toolboxes\Data Management Tools.tbx\CalculateField" Date="20160503" Time="095046">CalculateField Flaechen Profil 4999 VB #</Process><Process ToolSource="c:\program files (x86)\arcgis\desktop10.3\ArcToolbox\Toolboxes\Data Management Tools.tbx\CalculateField" Date="20160503" Time="160318">CalculateField Flaechen Profil 4999 VB #</Process><Process ToolSource="c:\program files (x86)\arcgis\desktop10.3\ArcToolbox\Toolboxes\Data Management Tools.tbx\CalculateField" Date="20160608" Time="132036">CalculateField Flaechen Perimeter "ZHAW" VB #</Process><Process ToolSource="c:\program files (x86)\arcgis\desktop10.3\ArcToolbox\Toolboxes\Data Management Tools.tbx\CalculateField" Date="20160608" Time="132712">CalculateField Flaechen Perimeter "ZHAW" VB #</Process><Process ToolSource="c:\program files (x86)\arcgis\desktop10.3\ArcToolbox\Toolboxes\Data Management Tools.tbx\CalculateField" Date="20160608" Time="142625">CalculateField Flaechen Perimeter "IUNR" VB #</Process><Process ToolSource="c:\program files (x86)\arcgis\desktop10.3\ArcToolbox\Toolboxes\Data Management Tools.tbx\CalculateField" Date="20160608" Time="142740">CalculateField Flaechen Perimeter Stadt VB #</Process><Process ToolSource="c:\program files (x86)\arcgis\desktop10.3\ArcToolbox\Toolboxes\Data Management Tools.tbx\CalculateField" Date="20160608" Time="142755">CalculateField Flaechen Perimeter Stadt VB #</Process><Process ToolSource="c:\program files (x86)\arcgis\desktop10.3\ArcToolbox\Toolboxes\Data Management Tools.tbx\CalculateField" Date="20160608" Time="142806">CalculateField Flaechen Perimeter "Stadt" VB #</Process><Process ToolSource="c:\program files (x86)\arcgis\desktop10.3\ArcToolbox\Toolboxes\Data Management Tools.tbx\CalculateField" Date="20160614" Time="131403">CalculateField Flaechen Flaeche_m2 [SHAPE_Area] VB #</Process><Process ToolSource="c:\program files (x86)\arcgis\desktop10.4\ArcToolbox\Toolboxes\Data Management Tools.tbx\Project" Date="20170725" Time="095726">Project C:\Daten\Unterricht\Modul_GIS\01_Einfuehrung\Uebung\Daten\Systematik_GFM.gdb\Gruental\Flaechen C:\Daten\Unterricht\Modul_GIS\01_Einfuehrung\Uebung\Daten\GFM_Gruental\Systematik_GFM.gdb\Gruental\Flaechen PROJCS['CH1903+_LV95',GEOGCS['GCS_CH1903+',DATUM['D_CH1903+',SPHEROID['Bessel_1841',6377397.155,299.1528128]],PRIMEM['Greenwich',0.0],UNIT['Degree',0.0174532925199433]],PROJECTION['Hotine_Oblique_Mercator_Azimuth_Center'],PARAMETER['False_Easting',2600000.0],PARAMETER['False_Northing',1200000.0],PARAMETER['Scale_Factor',1.0],PARAMETER['Azimuth',90.0],PARAMETER['Longitude_Of_Center',7.439583333333333],PARAMETER['Latitude_Of_Center',46.95240555555556],UNIT['Meter',1.0]],VERTCS['LN_1902',VDATUM['Landesnivellement_1902'],PARAMETER['Vertical_Shift',0.0],PARAMETER['Direction',1.0],UNIT['Meter',1.0]] CH1903_To_CH1903+_1_NTv2 PROJCS['CH1903_LV03',GEOGCS['GCS_CH1903',DATUM['D_CH1903',SPHEROID['Bessel_1841',6377397.155,299.1528128]],PRIMEM['Greenwich',0.0],UNIT['Degree',0.0174532925199433]],PROJECTION['Hotine_Oblique_Mercator_Azimuth_Center'],PARAMETER['False_Easting',600000.0],PARAMETER['False_Northing',200000.0],PARAMETER['Scale_Factor',1.0],PARAMETER['Azimuth',90.0],PARAMETER['Longitude_Of_Center',7.439583333333333],PARAMETER['Latitude_Of_Center',46.95240555555556],UNIT['Meter',1.0]],VERTCS['LN_1902',VDATUM['Landesnivellement_1902'],PARAMETER['Vertical_Shift',0.0],PARAMETER['Direction',1.0],UNIT['Meter',1.0]] NO_PRESERVE_SHAPE # NO_VERTICAL</Process><Process ToolSource="c:\program files (x86)\arcgis\desktop10.4\ArcToolbox\Toolboxes\Analysis Tools.tbx\Clip" Date="20170725" Time="095857">Clip C:\Daten\Unterricht\Modul_GIS\01_Einfuehrung\Uebung\Daten\GFM_Gruental\Systematik_GFM.gdb\Gruental\Flaechen_alle Extent C:\Daten\Unterricht\Modul_GIS\01_Einfuehrung\Uebung\Daten\GFM_Gruental\Systematik_GFM.gdb\Gruental\Flaechen #</Process><Process ToolSource="c:\program files\arcgis\pro\Resources\ArcToolbox\toolboxes\Conversion Tools.tbx\FeatureClassToFeatureClass" Date="20191022" Time="075514">FeatureClassToFeatureClass C:\Daten\Unterricht\Bachelor\Modul_GIS_HS19\07_Datenakquisition_III\Uebung\Vorbereitung\Systematik_GFM.gdb\Gruental\Flaechen C:\Daten\Unterricht\Bachelor\Modul_GIS_HS19\07_Datenakquisition_III\Uebung\Vorbereitung\Akquisition_III.gdb\Gruental Flaechen # "Schema "Schema" true true false 2 Short 0 0,First,#,C:\Daten\Unterricht\Bachelor\Modul_GIS_HS19\07_Datenakquisition_III\Uebung\Vorbereitung\Systematik_GFM.gdb\Gruental\Flaechen,Schema,-1,-1;Profil "Profil" true true false 2 Short 0 0,First,#,C:\Daten\Unterricht\Bachelor\Modul_GIS_HS19\07_Datenakquisition_III\Uebung\Vorbereitung\Systematik_GFM.gdb\Gruental\Flaechen,Profil,-1,-1;Pflegeklasse "Pflegeklasse" true true false 2 Short 0 0,First,#,C:\Daten\Unterricht\Bachelor\Modul_GIS_HS19\07_Datenakquisition_III\Uebung\Vorbereitung\Systematik_GFM.gdb\Gruental\Flaechen,Pflegeklasse,-1,-1;Bemerkung "Bemerkung" true true false 100 Text 0 0,First,#,C:\Daten\Unterricht\Bachelor\Modul_GIS_HS19\07_Datenakquisition_III\Uebung\Vorbereitung\Systematik_GFM.gdb\Gruental\Flaechen,Bemerkung,0,100;Erneuerung "Erneuerung" true true false 2 Short 0 0,First,#,C:\Daten\Unterricht\Bachelor\Modul_GIS_HS19\07_Datenakquisition_III\Uebung\Vorbereitung\Systematik_GFM.gdb\Gruental\Flaechen,Erneuerung,-1,-1;Perimeter "Perimeter" true true false 5 Text 0 0,First,#,C:\Daten\Unterricht\Bachelor\Modul_GIS_HS19\07_Datenakquisition_III\Uebung\Vorbereitung\Systematik_GFM.gdb\Gruental\Flaechen,Perimeter,0,5;Flaeche_m2 "Flaeche_m2" true true false 8 Double 0 0,First,#,C:\Daten\Unterricht\Bachelor\Modul_GIS_HS19\07_Datenakquisition_III\Uebung\Vorbereitung\Systematik_GFM.gdb\Gruental\Flaechen,Flaeche_m2,-1,-1;SHAPE_Length "SHAPE_Length" false true true 8 Double 0 0,First,#,C:\Daten\Unterricht\Bachelor\Modul_GIS_HS19\07_Datenakquisition_III\Uebung\Vorbereitung\Systematik_GFM.gdb\Gruental\Flaechen,SHAPE_Length,-1,-1;SHAPE_Area "SHAPE_Area" false true true 8 Double 0 0,First,#,C:\Daten\Unterricht\Bachelor\Modul_GIS_HS19\07_Datenakquisition_III\Uebung\Vorbereitung\Systematik_GFM.gdb\Gruental\Flaechen,SHAPE_Area,-1,-1" #</Process><Process ToolSource="c:\program files\arcgis\pro\Resources\ArcToolbox\toolboxes\Conversion Tools.tbx\FeatureClassToFeatureClass" Date="20211101" Time="120037">FeatureClassToFeatureClass Flaechen C:\Users\bako\Desktop\kurse\HS21\Research_Methods\RaumAnalyse\raumanalyse.gdb Flaechen # "Schema "Schema" true true false 2 Short 0 0,First,#,Flaechen,Schema,-1,-1;Profil "Profil" true true false 2 Short 0 0,First,#,Flaechen,Profil,-1,-1;Pflegeklasse "Pflegeklasse" true true false 2 Short 0 0,First,#,Flaechen,Pflegeklasse,-1,-1;Bemerkung "Bemerkung" true true false 100 Text 0 0,First,#,Flaechen,Bemerkung,0,100;Erneuerung "Erneuerung" true true false 2 Short 0 0,First,#,Flaechen,Erneuerung,-1,-1;Perimeter "Perimeter" true true false 5 Text 0 0,First,#,Flaechen,Perimeter,0,5;Flaeche_m2 "Flaeche_m2" true true false 8 Double 0 0,First,#,Flaechen,Flaeche_m2,-1,-1;Shape_Length "Shape_Length" false true true 8 Double 0 0,First,#,Flaechen,Shape_Length,-1,-1;Shape_Area "Shape_Area" false true true 8 Double 0 0,First,#,Flaechen,Shape_Area,-1,-1" #</Process><Process ToolSource="c:\program files\arcgis\pro\Resources\ArcToolbox\toolboxes\Conversion Tools.tbx\FeatureClassToFeatureClass" Date="20211101" Time="124545">FeatureClassToFeatureClass C:\Users\bako\Desktop\kurse\HS21\Research_Methods\RaumAnalyse\raumanalyse.gdb\Flaechen C:\Users\bako\Desktop\kurse\HS21\Research_Methods\RaumAnalyse\shapefiles Flaechen.shp # "Schema "Schema" true true false 2 Short 0 0,First,#,C:\Users\bako\Desktop\kurse\HS21\Research_Methods\RaumAnalyse\raumanalyse.gdb\Flaechen,Schema,-1,-1;Profil "Profil" true true false 2 Short 0 0,First,#,C:\Users\bako\Desktop\kurse\HS21\Research_Methods\RaumAnalyse\raumanalyse.gdb\Flaechen,Profil,-1,-1;Pflegeklas "Pflegeklasse" true true false 2 Short 0 0,First,#,C:\Users\bako\Desktop\kurse\HS21\Research_Methods\RaumAnalyse\raumanalyse.gdb\Flaechen,Pflegeklasse,-1,-1;Bemerkung "Bemerkung" true true false 100 Text 0 0,First,#,C:\Users\bako\Desktop\kurse\HS21\Research_Methods\RaumAnalyse\raumanalyse.gdb\Flaechen,Bemerkung,0,100;Erneuerung "Erneuerung" true true false 2 Short 0 0,First,#,C:\Users\bako\Desktop\kurse\HS21\Research_Methods\RaumAnalyse\raumanalyse.gdb\Flaechen,Erneuerung,-1,-1;Perimeter "Perimeter" true true false 5 Text 0 0,First,#,C:\Users\bako\Desktop\kurse\HS21\Research_Methods\RaumAnalyse\raumanalyse.gdb\Flaechen,Perimeter,0,5;Flaeche_m2 "Flaeche_m2" true true false 8 Double 0 0,First,#,C:\Users\bako\Desktop\kurse\HS21\Research_Methods\RaumAnalyse\raumanalyse.gdb\Flaechen,Flaeche_m2,-1,-1;Shape_Leng "Shape_Length" false true true 8 Double 0 0,First,#,C:\Users\bako\Desktop\kurse\HS21\Research_Methods\RaumAnalyse\raumanalyse.gdb\Flaechen,Shape_Length,-1,-1;Shape_Area "Shape_Area" false true true 8 Double 0 0,First,#,C:\Users\bako\Desktop\kurse\HS21\Research_Methods\RaumAnalyse\raumanalyse.gdb\Flaechen,Shape_Area,-1,-1" #</Process></lineage><itemProps><itemLocation><linkage Sync="TRUE">file://\\CLT-MOB-N-2502\C$\Users\bako\Desktop\kurse\HS21\Research_Methods\RaumAnalyse\shapefiles\Flaechen.shp</linkage><protocol Sync="TRUE">Local Area Network</protocol></itemLocation><itemName Sync="TRUE">Flaechen</itemName><imsContentType Sync="TRUE">002</imsContentType><itemSize Sync="TRUE">0.000</itemSize></itemProps><coordRef><type Sync="TRUE">Projected</type><geogcsn Sync="TRUE">GCS_CH1903+</geogcsn><csUnits Sync="TRUE">Linear Unit: Meter (1.000000)</csUnits><projcsn Sync="TRUE">CH1903+_LV95</projcsn><peXml Sync="TRUE">&lt;ProjectedCoordinateSystem xsi:type='typens:ProjectedCoordinateSystem' xmlns:xsi='http://www.w3.org/2001/XMLSchema-instance' xmlns:xs='http://www.w3.org/2001/XMLSchema' xmlns:typens='http://www.esri.com/schemas/ArcGIS/2.6.0'&gt;&lt;WKT&gt;PROJCS[&amp;quot;CH1903+_LV95&amp;quot;,GEOGCS[&amp;quot;GCS_CH1903+&amp;quot;,DATUM[&amp;quot;D_CH1903+&amp;quot;,SPHEROID[&amp;quot;Bessel_1841&amp;quot;,6377397.155,299.1528128]],PRIMEM[&amp;quot;Greenwich&amp;quot;,0.0],UNIT[&amp;quot;Degree&amp;quot;,0.0174532925199433]],PROJECTION[&amp;quot;Hotine_Oblique_Mercator_Azimuth_Center&amp;quot;],PARAMETER[&amp;quot;False_Easting&amp;quot;,2600000.0],PARAMETER[&amp;quot;False_Northing&amp;quot;,1200000.0],PARAMETER[&amp;quot;Scale_Factor&amp;quot;,1.0],PARAMETER[&amp;quot;Azimuth&amp;quot;,90.0],PARAMETER[&amp;quot;Longitude_Of_Center&amp;quot;,7.439583333333333],PARAMETER[&amp;quot;Latitude_Of_Center&amp;quot;,46.95240555555556],UNIT[&amp;quot;Meter&amp;quot;,1.0],AUTHORITY[&amp;quot;EPSG&amp;quot;,2056]]&lt;/WKT&gt;&lt;XOrigin&gt;-27386400&lt;/XOrigin&gt;&lt;YOrigin&gt;-32067900&lt;/YOrigin&gt;&lt;XYScale&gt;140996569.55187955&lt;/XYScale&gt;&lt;ZOrigin&gt;-100000&lt;/ZOrigin&gt;&lt;ZScale&gt;10000&lt;/ZScale&gt;&lt;MOrigin&gt;-100000&lt;/MOrigin&gt;&lt;MScale&gt;10000&lt;/MScale&gt;&lt;XYTolerance&gt;0.001&lt;/XYTolerance&gt;&lt;ZTolerance&gt;0.001&lt;/ZTolerance&gt;&lt;MTolerance&gt;0.001&lt;/MTolerance&gt;&lt;HighPrecision&gt;true&lt;/HighPrecision&gt;&lt;WKID&gt;2056&lt;/WKID&gt;&lt;LatestWKID&gt;2056&lt;/LatestWKID&gt;&lt;/ProjectedCoordinateSystem&gt;</peXml></coordRef></DataProperties><SyncDate>20211101</SyncDate><SyncTime>12454400</SyncTime><ModDate>20211101</ModDate><ModTime>12454400</ModTime></Esri><dataIdInfo><envirDesc Sync="TRUE">Microsoft Windows 10 Version 10.0 (Build 18363) ; Esri ArcGIS 12.6.0.24783</envirDesc><dataLang><languageCode value="deu" Sync="TRUE"></languageCode><countryCode value="CHE" Sync="TRUE"></countryCode></dataLang><idCitation><resTitle Sync="TRUE">Flaechen</resTitle><presForm><PresFormCd value="005" Sync="TRUE"></PresFormCd></presForm></idCitation><spatRpType><SpatRepTypCd value="001" Sync="TRUE"></SpatRepTypCd></spatRpType></dataIdInfo><mdLang><languageCode value="deu" Sync="TRUE"></languageCode><countryCode value="CHE" Sync="TRUE"></countryCode></mdLang><distInfo><distFormat><formatName Sync="TRUE">Shapefile</formatName></distFormat><distTranOps><transSize Sync="TRUE">0.000</transSize></distTranOps></distInfo><mdHrLv><ScopeCd value="005" Sync="TRUE"></ScopeCd></mdHrLv><mdHrLvName Sync="TRUE">dataset</mdHrLvName><refSysInfo><RefSystem><refSysID><identCode code="2056" Sync="TRUE"></identCode><idCodeSpace Sync="TRUE">EPSG</idCodeSpace><idVersion Sync="TRUE">8.8(8.1.0)</idVersion></refSysID></RefSystem></refSysInfo><spatRepInfo><VectSpatRep><geometObjs Name="Flaechen"><geoObjTyp><GeoObjTypCd value="002" Sync="TRUE"></GeoObjTypCd></geoObjTyp><geoObjCnt Sync="TRUE">0</geoObjCnt></geometObjs><topLvl><TopoLevCd value="001" Sync="TRUE"></TopoLevCd></topLvl></VectSpatRep></spatRepInfo><spdoinfo><ptvctinf><esriterm Name="Flaechen"><efeatyp Sync="TRUE">Simple</efeatyp><efeageom code="4" Sync="TRUE"></efeageom><esritopo Sync="TRUE">FALSE</esritopo><efeacnt Sync="TRUE">0</efeacnt><spindex Sync="TRUE">FALSE</spindex><linrefer Sync="TRUE">FALSE</linrefer></esriterm></ptvctinf></spdoinfo><eainfo><detailed Name="Flaechen"><enttyp><enttypl Sync="TRUE">Flaechen</enttypl><enttypt Sync="TRUE">Feature Class</enttypt><enttypc Sync="TRUE">0</enttypc></enttyp><attr><attrlabl Sync="TRUE">SHAPE</attrlabl><attalias Sync="TRUE">Shape</attalias><attrtype Sync="TRUE">Geometry</attrtype><attwidth Sync="TRUE">0</attwidth><atprecis Sync="TRUE">0</atprecis><attscale Sync="TRUE">0</attscale><attrdef Sync="TRUE">Feature geometry.</attrdef><attrdefs Sync="TRUE">Esri</attrdefs><attrdomv><udom Sync="TRUE">Coordinates defining the features.</udom></attrdomv></attr><attr><attrlabl Sync="TRUE">Schema</attrlabl><attalias Sync="TRUE">Schema</attalias><attrtype Sync="TRUE">Integer</attrtype><attwidth Sync="TRUE">5</attwidth><atprecis Sync="TRUE">5</atprecis><attscale Sync="TRUE">0</attscale></attr><attr><attrlabl Sync="TRUE">Profil</attrlabl><attalias Sync="TRUE">Profil</attalias><attrtype Sync="TRUE">Integer</attrtype><attwidth Sync="TRUE">5</attwidth><atprecis Sync="TRUE">5</atprecis><attscale Sync="TRUE">0</attscale></attr><attr><attrlabl Sync="TRUE">Bemerkung</attrlabl><attalias Sync="TRUE">Bemerkung</attalias><attrtype Sync="TRUE">String</attrtype><attwidth Sync="TRUE">100</attwidth><atprecis Sync="TRUE">0</atprecis><attscale Sync="TRUE">0</attscale></attr><attr><attrlabl Sync="TRUE">Erneuerung</attrlabl><attalias Sync="TRUE">Erneuerung</attalias><attrtype Sync="TRUE">Integer</attrtype><attwidth Sync="TRUE">5</attwidth><atprecis Sync="TRUE">5</atprecis><attscale Sync="TRUE">0</attscale></attr><attr><attrlabl Sync="TRUE">Perimeter</attrlabl><attalias Sync="TRUE">Perimeter</attalias><attrtype Sync="TRUE">String</attrtype><attwidth Sync="TRUE">5</attwidth><atprecis Sync="TRUE">0</atprecis><attscale Sync="TRUE">0</attscale></attr><attr><attrlabl Sync="TRUE">Flaeche_m2</attrlabl><attalias Sync="TRUE">Flaeche_m2</attalias><attrtype Sync="TRUE">Double</attrtype><attwidth Sync="TRUE">19</attwidth><atprecis Sync="TRUE">0</atprecis><attscale Sync="TRUE">0</attscale></attr><attr><attrlabl Sync="TRUE">SHAPE_Area</attrlabl><attalias Sync="TRUE">Shape_Area</attalias><attrtype Sync="TRUE">Double</attrtype><attwidth Sync="TRUE">19</attwidth><atprecis Sync="TRUE">0</atprecis><attscale Sync="TRUE">0</attscale><attrdef Sync="TRUE">Area of feature in internal units squared.</attrdef><attrdefs Sync="TRUE">Esri</attrdefs><attrdomv><udom Sync="TRUE">Positive real numbers that are automatically generated.</udom></attrdomv></attr><subtype><stname Sync="TRUE">Rasen</stname><stcode Sync="TRUE">1000</stcode><stfield><stfldnm Sync="TRUE">Profil</stfldnm><stflddd><domname Sync="TRUE">Rasen</domname><domdesc Sync="TRUE">Rasen</domdesc><domtype Sync="TRUE">Coded Value</domtype><mrgtype Sync="TRUE">Default value</mrgtype><splttype Sync="TRUE">Default value</splttype><domowner Sync="TRUE"></domowner><domfldtp Sync="TRUE">SmallInteger</domfldtp></stflddd></stfield><stfield><stfldnm Sync="TRUE">Pflegeklasse</stfldnm><stflddd><domname Sync="TRUE">Pflegeklasse</domname><domdesc Sync="TRUE">Pflegeklasse</domdesc><domtype Sync="TRUE">Coded Value</domtype><mrgtype Sync="TRUE">Default value</mrgtype><splttype Sync="TRUE">Default value</splttype><domowner Sync="TRUE"></domowner><domfldtp Sync="TRUE">SmallInteger</domfldtp></stflddd></stfield></subtype><subtype><stname Sync="TRUE">Wiese</stname><stcode Sync="TRUE">1100</stcode><stfield><stfldnm Sync="TRUE">Profil</stfldnm><stflddd><domname Sync="TRUE">Wiese</domname><domdesc Sync="TRUE">Wiese</domdesc><domtype Sync="TRUE">Coded Value</domtype><mrgtype Sync="TRUE">Default value</mrgtype><splttype Sync="TRUE">Default value</splttype><domowner Sync="TRUE"></domowner><domfldtp Sync="TRUE">SmallInteger</domfldtp></stflddd></stfield><stfield><stfldnm Sync="TRUE">Pflegeklasse</stfldnm><stflddd><domname Sync="TRUE">Pflegeklasse</domname><domdesc Sync="TRUE">Pflegeklasse</domdesc><domtype Sync="TRUE">Coded Value</domtype><mrgtype Sync="TRUE">Default value</mrgtype><splttype Sync="TRUE">Default value</splttype><domowner Sync="TRUE"></domowner><domfldtp Sync="TRUE">SmallInteger</domfldtp></stflddd></stfield></subtype><subtype><stname Sync="TRUE">Gehoelze flaechig</stname><stcode Sync="TRUE">1200</stcode><stfield><stfldnm Sync="TRUE">Profil</stfldnm><stflddd><domname Sync="TRUE">Gehoelze flaechig</domname><domdesc Sync="TRUE">Gehoelze flaechig</domdesc><domtype Sync="TRUE">Coded Value</domtype><mrgtype Sync="TRUE">Default value</mrgtype><splttype Sync="TRUE">Default value</splttype><domowner Sync="TRUE"></domowner><domfldtp Sync="TRUE">SmallInteger</domfldtp></stflddd></stfield><stfield><stfldnm Sync="TRUE">Pflegeklasse</stfldnm><stflddd><domname Sync="TRUE">Pflegeklasse</domname><domdesc Sync="TRUE">Pflegeklasse</domdesc><domtype Sync="TRUE">Coded Value</domtype><mrgtype Sync="TRUE">Default value</mrgtype><splttype Sync="TRUE">Default value</splttype><domowner Sync="TRUE"></domowner><domfldtp Sync="TRUE">SmallInteger</domfldtp></stflddd></stfield></subtype><subtype><stname Sync="TRUE">Moorbeet</stname><stcode Sync="TRUE">1300</stcode><stfield><stfldnm Sync="TRUE">Profil</stfldnm><stflddd><domname Sync="TRUE">Moorbeet</domname><domdesc Sync="TRUE">Moorbeet</domdesc><domtype Sync="TRUE">Coded Value</domtype><mrgtype Sync="TRUE">Default value</mrgtype><splttype Sync="TRUE">Default value</splttype><domowner Sync="TRUE"></domowner><domfldtp Sync="TRUE">SmallInteger</domfldtp></stflddd></stfield><stfield><stfldnm Sync="TRUE">Pflegeklasse</stfldnm><stflddd><domname Sync="TRUE">Pflegeklasse</domname><domdesc Sync="TRUE">Pflegeklasse</domdesc><domtype Sync="TRUE">Coded Value</domtype><mrgtype Sync="TRUE">Default value</mrgtype><splttype Sync="TRUE">Default value</splttype><domowner Sync="TRUE"></domowner><domfldtp Sync="TRUE">SmallInteger</domfldtp></stflddd></stfield></subtype><subtype><stname Sync="TRUE">Rosen</stname><stcode Sync="TRUE">1400</stcode><stfield><stfldnm Sync="TRUE">Profil</stfldnm><stflddd><domname Sync="TRUE">Rosen</domname><domdesc Sync="TRUE">Rosen</domdesc><domtype Sync="TRUE">Coded Value</domtype><mrgtype Sync="TRUE">Default value</mrgtype><splttype Sync="TRUE">Default value</splttype><domowner Sync="TRUE"></domowner><domfldtp Sync="TRUE">SmallInteger</domfldtp></stflddd></stfield><stfield><stfldnm Sync="TRUE">Pflegeklasse</stfldnm><stflddd><domname Sync="TRUE">Pflegeklasse</domname><domdesc Sync="TRUE">Pflegeklasse</domdesc><domtype Sync="TRUE">Coded Value</domtype><mrgtype Sync="TRUE">Default value</mrgtype><splttype Sync="TRUE">Default value</splttype><domowner Sync="TRUE"></domowner><domfldtp Sync="TRUE">SmallInteger</domfldtp></stflddd></stfield></subtype><subtype><stname Sync="TRUE">Hecke - Form- und Zierhecke</stname><stcode Sync="TRUE">1500</stcode><stfield><stfldnm Sync="TRUE">Profil</stfldnm><stflddd><domname Sync="TRUE">Hecke - Form- und Zierhecke</domname><domdesc Sync="TRUE">Hecke - Form- und Zierhecke</domdesc><domtype Sync="TRUE">Coded Value</domtype><mrgtype Sync="TRUE">Default value</mrgtype><splttype Sync="TRUE">Default value</splttype><domowner Sync="TRUE"></domowner><domfldtp Sync="TRUE">SmallInteger</domfldtp></stflddd></stfield><stfield><stfldnm Sync="TRUE">Pflegeklasse</stfldnm><stflddd><domname Sync="TRUE">Pflegeklasse</domname><domdesc Sync="TRUE">Pflegeklasse</domdesc><domtype Sync="TRUE">Coded Value</domtype><mrgtype Sync="TRUE">Default value</mrgtype><splttype Sync="TRUE">Default value</splttype><domowner Sync="TRUE"></domowner><domfldtp Sync="TRUE">SmallInteger</domfldtp></stflddd></stfield></subtype><subtype><stname Sync="TRUE">Hecke - Freie Hecke</stname><stcode Sync="TRUE">1600</stcode><stfield><stfldnm Sync="TRUE">Profil</stfldnm><stflddd><domname Sync="TRUE">Hecke - Freie Hecke</domname><domdesc Sync="TRUE">Hecke - Freie Hecke</domdesc><domtype Sync="TRUE">Coded Value</domtype><mrgtype Sync="TRUE">Default value</mrgtype><splttype Sync="TRUE">Default value</splttype><domowner Sync="TRUE"></domowner><domfldtp Sync="TRUE">SmallInteger</domfldtp></stflddd></stfield><stfield><stfldnm Sync="TRUE">Pflegeklasse</stfldnm><stflddd><domname Sync="TRUE">Pflegeklasse</domname><domdesc Sync="TRUE">Pflegeklasse</domdesc><domtype Sync="TRUE">Coded Value</domtype><mrgtype Sync="TRUE">Default value</mrgtype><splttype Sync="TRUE">Default value</splttype><domowner Sync="TRUE"></domowner><domfldtp Sync="TRUE">SmallInteger</domfldtp></stflddd></stfield></subtype><subtype><stname Sync="TRUE">Bodendecker</stname><stcode Sync="TRUE">1700</stcode><stfield><stfldnm Sync="TRUE">Profil</stfldnm><stflddd><domname Sync="TRUE">Bodendecker</domname><domdesc Sync="TRUE">Bodendecker</domdesc><domtype Sync="TRUE">Coded Value</domtype><mrgtype Sync="TRUE">Default value</mrgtype><splttype Sync="TRUE">Default value</splttype><domowner Sync="TRUE"></domowner><domfldtp Sync="TRUE">SmallInteger</domfldtp></stflddd></stfield><stfield><stfldnm Sync="TRUE">Pflegeklasse</stfldnm><stflddd><domname Sync="TRUE">Pflegeklasse</domname><domdesc Sync="TRUE">Pflegeklasse</domdesc><domtype Sync="TRUE">Coded Value</domtype><mrgtype Sync="TRUE">Default value</mrgtype><splttype Sync="TRUE">Default value</splttype><domowner Sync="TRUE"></domowner><domfldtp Sync="TRUE">SmallInteger</domfldtp></stflddd></stfield></subtype><subtype><stname Sync="TRUE">Stauden</stname><stcode Sync="TRUE">1800</stcode><stfield><stfldnm Sync="TRUE">Profil</stfldnm><stflddd><domname Sync="TRUE">Stauden</domname><domdesc Sync="TRUE">Stauden</domdesc><domtype Sync="TRUE">Coded Value</domtype><mrgtype Sync="TRUE">Default value</mrgtype><splttype Sync="TRUE">Default value</splttype><domowner Sync="TRUE"></domowner><domfldtp Sync="TRUE">SmallInteger</domfldtp></stflddd></stfield><stfield><stfldnm Sync="TRUE">Pflegeklasse</stfldnm><stflddd><domname Sync="TRUE">Pflegeklasse</domname><domdesc Sync="TRUE">Pflegeklasse</domdesc><domtype Sync="TRUE">Coded Value</domtype><mrgtype Sync="TRUE">Default value</mrgtype><splttype Sync="TRUE">Default value</splttype><domowner Sync="TRUE"></domowner><domfldtp Sync="TRUE">SmallInteger</domfldtp></stflddd></stfield></subtype><subtype><stname Sync="TRUE">Dachbegruenung</stname><stcode Sync="TRUE">1900</stcode><stfield><stfldnm Sync="TRUE">Profil</stfldnm><stflddd><domname Sync="TRUE">Dachbegruenung</domname><domdesc Sync="TRUE">Dachbegruenung</domdesc><domtype Sync="TRUE">Coded Value</domtype><mrgtype Sync="TRUE">Default value</mrgtype><splttype Sync="TRUE">Default value</splttype><domowner Sync="TRUE"></domowner><domfldtp Sync="TRUE">SmallInteger</domfldtp></stflddd></stfield><stfield><stfldnm Sync="TRUE">Pflegeklasse</stfldnm><stflddd><domname Sync="TRUE">Pflegeklasse</domname><domdesc Sync="TRUE">Pflegeklasse</domdesc><domtype Sync="TRUE">Coded Value</domtype><mrgtype Sync="TRUE">Default value</mrgtype><splttype Sync="TRUE">Default value</splttype><domowner Sync="TRUE"></domowner><domfldtp Sync="TRUE">SmallInteger</domfldtp></stflddd></stfield></subtype><subtype><stname Sync="TRUE">Wechselpflanzung</stname><stcode Sync="TRUE">2000</stcode><stfield><stfldnm Sync="TRUE">Profil</stfldnm><stflddd><domname Sync="TRUE">Wechselpflanzung</domname><domdesc Sync="TRUE">Wechselpflanzung</domdesc><domtype Sync="TRUE">Coded Value</domtype><mrgtype Sync="TRUE">Default value</mrgtype><splttype Sync="TRUE">Default value</splttype><domowner Sync="TRUE"></domowner><domfldtp Sync="TRUE">SmallInteger</domfldtp></stflddd></stfield><stfield><stfldnm Sync="TRUE">Pflegeklasse</stfldnm><stflddd><domname Sync="TRUE">Pflegeklasse</domname><domdesc Sync="TRUE">Pflegeklasse</domdesc><domtype Sync="TRUE">Coded Value</domtype><mrgtype Sync="TRUE">Default value</mrgtype><splttype Sync="TRUE">Default value</splttype><domowner Sync="TRUE"></domowner><domfldtp Sync="TRUE">SmallInteger</domfldtp></stflddd></stfield></subtype><subtype><stname Sync="TRUE">Grabbepflanzung</stname><stcode Sync="TRUE">2100</stcode><stfield><stfldnm Sync="TRUE">Profil</stfldnm><stflddd><domname Sync="TRUE">Grabbepflanzung</domname><domdesc Sync="TRUE">Grabbepflanzung</domdesc><domtype Sync="TRUE">Coded Value</domtype><mrgtype Sync="TRUE">Default value</mrgtype><splttype Sync="TRUE">Default value</splttype><domowner Sync="TRUE"></domowner><domfldtp Sync="TRUE">SmallInteger</domfldtp></stflddd></stfield><stfield><stfldnm Sync="TRUE">Pflegeklasse</stfldnm><stflddd><domname Sync="TRUE">Pflegeklasse</domname><domdesc Sync="TRUE">Pflegeklasse</domdesc><domtype Sync="TRUE">Coded Value</domtype><mrgtype Sync="TRUE">Default value</mrgtype><splttype Sync="TRUE">Default value</splttype><domowner Sync="TRUE"></domowner><domfldtp Sync="TRUE">SmallInteger</domfldtp></stflddd></stfield></subtype><subtype><stname Sync="TRUE">Belag - Natursteine und Natursteinplatten</stname><stcode Sync="TRUE">2200</stcode><stfield><stfldnm Sync="TRUE">Profil</stfldnm><stflddd><domname Sync="TRUE">Belag - Natursteine und Natursteinplatten</domname><domdesc Sync="TRUE">Belag - Natursteine und Natursteinplatten</domdesc><domtype Sync="TRUE">Coded Value</domtype><mrgtype Sync="TRUE">Default value</mrgtype><splttype Sync="TRUE">Default value</splttype><domowner Sync="TRUE"></domowner><domfldtp Sync="TRUE">SmallInteger</domfldtp></stflddd></stfield><stfield><stfldnm Sync="TRUE">Pflegeklasse</stfldnm><stflddd><domname Sync="TRUE">Pflegeklasse</domname><domdesc Sync="TRUE">Pflegeklasse</domdesc><domtype Sync="TRUE">Coded Value</domtype><mrgtype Sync="TRUE">Default value</mrgtype><splttype Sync="TRUE">Default value</splttype><domowner Sync="TRUE"></domowner><domfldtp Sync="TRUE">SmallInteger</domfldtp></stflddd></stfield></subtype><subtype><stname Sync="TRUE">Belag - Betonsteine und Betonplatten</stname><stcode Sync="TRUE">2300</stcode><stfield><stfldnm Sync="TRUE">Profil</stfldnm><stflddd><domname Sync="TRUE">Belag - Betonsteine und Betonplatten</domname><domdesc Sync="TRUE">Belag - Betonsteine und Betonplatten</domdesc><domtype Sync="TRUE">Coded Value</domtype><mrgtype Sync="TRUE">Default value</mrgtype><splttype Sync="TRUE">Default value</splttype><domowner Sync="TRUE"></domowner><domfldtp Sync="TRUE">SmallInteger</domfldtp></stflddd></stfield><stfield><stfldnm Sync="TRUE">Pflegeklasse</stfldnm><stflddd><domname Sync="TRUE">Pflegeklasse</domname><domdesc Sync="TRUE">Pflegeklasse</domdesc><domtype Sync="TRUE">Coded Value</domtype><mrgtype Sync="TRUE">Default value</mrgtype><splttype Sync="TRUE">Default value</splttype><domowner Sync="TRUE"></domowner><domfldtp Sync="TRUE">SmallInteger</domfldtp></stflddd></stfield></subtype><subtype><stname Sync="TRUE">Belag - Schotter- und Kiesrasen</stname><stcode Sync="TRUE">2400</stcode><stfield><stfldnm Sync="TRUE">Profil</stfldnm><stflddd><domname Sync="TRUE">Belag - Schotter- und Kiesrasen</domname><domdesc Sync="TRUE">Belag - Schotter- und Kiesrasen</domdesc><domtype Sync="TRUE">Coded Value</domtype><mrgtype Sync="TRUE">Default value</mrgtype><splttype Sync="TRUE">Default value</splttype><domowner Sync="TRUE"></domowner><domfldtp Sync="TRUE">SmallInteger</domfldtp></stflddd></stfield><stfield><stfldnm Sync="TRUE">Pflegeklasse</stfldnm><stflddd><domname Sync="TRUE">Pflegeklasse</domname><domdesc Sync="TRUE">Pflegeklasse</domdesc><domtype Sync="TRUE">Coded Value</domtype><mrgtype Sync="TRUE">Default value</mrgtype><splttype Sync="TRUE">Default value</splttype><domowner Sync="TRUE"></domowner><domfldtp Sync="TRUE">SmallInteger</domfldtp></stflddd></stfield></subtype><subtype><stname Sync="TRUE">Belag - begruent</stname><stcode Sync="TRUE">2500</stcode><stfield><stfldnm Sync="TRUE">Profil</stfldnm><stflddd><domname Sync="TRUE">Belag - begruent</domname><domdesc Sync="TRUE">Belag - begruent</domdesc><domtype Sync="TRUE">Coded Value</domtype><mrgtype Sync="TRUE">Default value</mrgtype><splttype Sync="TRUE">Default value</splttype><domowner Sync="TRUE"></domowner><domfldtp Sync="TRUE">SmallInteger</domfldtp></stflddd></stfield><stfield><stfldnm Sync="TRUE">Pflegeklasse</stfldnm><stflddd><domname Sync="TRUE">Pflegeklasse</domname><domdesc Sync="TRUE">Pflegeklasse</domdesc><domtype Sync="TRUE">Coded Value</domtype><mrgtype Sync="TRUE">Default value</mrgtype><splttype Sync="TRUE">Default value</splttype><domowner Sync="TRUE"></domowner><domfldtp Sync="TRUE">SmallInteger</domfldtp></stflddd></stfield></subtype><subtype><stname Sync="TRUE">Belag - Bitumen- und Zementbeton</stname><stcode Sync="TRUE">2600</stcode><stfield><stfldnm Sync="TRUE">Profil</stfldnm><stflddd><domname Sync="TRUE">Belag - Bitumen- und Zementbeton</domname><domdesc Sync="TRUE">Belag - Bitumen und Zementbeton</domdesc><domtype Sync="TRUE">Coded Value</domtype><mrgtype Sync="TRUE">Default value</mrgtype><splttype Sync="TRUE">Default value</splttype><domowner Sync="TRUE"></domowner><domfldtp Sync="TRUE">SmallInteger</domfldtp></stflddd></stfield><stfield><stfldnm Sync="TRUE">Pflegeklasse</stfldnm><stflddd><domname Sync="TRUE">Pflegeklasse</domname><domdesc Sync="TRUE">Pflegeklasse</domdesc><domtype Sync="TRUE">Coded Value</domtype><mrgtype Sync="TRUE">Default value</mrgtype><splttype Sync="TRUE">Default value</splttype><domowner Sync="TRUE"></domowner><domfldtp Sync="TRUE">SmallInteger</domfldtp></stflddd></stfield></subtype><subtype><stname Sync="TRUE">Belag - synthetisch</stname><stcode Sync="TRUE">2700</stcode><stfield><stfldnm Sync="TRUE">Profil</stfldnm><stflddd><domname Sync="TRUE">Belag - synthetisch</domname><domdesc Sync="TRUE">Belag - synthetisch</domdesc><domtype Sync="TRUE">Coded Value</domtype><mrgtype Sync="TRUE">Default value</mrgtype><splttype Sync="TRUE">Default value</splttype><domowner Sync="TRUE"></domowner><domfldtp Sync="TRUE">SmallInteger</domfldtp></stflddd></stfield><stfield><stfldnm Sync="TRUE">Pflegeklasse</stfldnm><stflddd><domname Sync="TRUE">Pflegeklasse</domname><domdesc Sync="TRUE">Pflegeklasse</domdesc><domtype Sync="TRUE">Coded Value</domtype><mrgtype Sync="TRUE">Default value</mrgtype><splttype Sync="TRUE">Default value</splttype><domowner Sync="TRUE"></domowner><domfldtp Sync="TRUE">SmallInteger</domfldtp></stflddd></stfield></subtype><attr><attrlabl Sync="TRUE">FID</attrlabl><attalias Sync="TRUE">FID</attalias><attrtype Sync="TRUE">OID</attrtype><attwidth Sync="TRUE">4</attwidth><atprecis Sync="TRUE">0</atprecis><attscale Sync="TRUE">0</attscale><attrdef Sync="TRUE">Internal feature number.</attrdef><attrdefs Sync="TRUE">Esri</attrdefs><attrdomv><udom Sync="TRUE">Sequential unique whole numbers that are automatically generated.</udom></attrdomv></attr><subtype><stname Sync="TRUE">Belag - Holzhaecksel und Holzrinde</stname><stcode Sync="TRUE">2800</stcode><stfield><stfldnm Sync="TRUE">Profil</stfldnm><stflddd><domname Sync="TRUE">Belag - Holzhaecksel und Holzrinde</domname><domdesc Sync="TRUE">Belag - Holzhaecksel und Holzrinde</domdesc><domtype Sync="TRUE">Coded Value</domtype><mrgtype Sync="TRUE">Default value</mrgtype><splttype Sync="TRUE">Default value</splttype><domowner Sync="TRUE"></domowner><domfldtp Sync="TRUE">SmallInteger</domfldtp></stflddd></stfield><stfield><stfldnm Sync="TRUE">Pflegeklasse</stfldnm><stflddd><domname Sync="TRUE">Pflegeklasse</domname><domdesc Sync="TRUE">Pflegeklasse</domdesc><domtype Sync="TRUE">Coded Value</domtype><mrgtype Sync="TRUE">Default value</mrgtype><splttype Sync="TRUE">Default value</splttype><domowner Sync="TRUE"></domowner><domfldtp Sync="TRUE">SmallInteger</domfldtp></stflddd></stfield></subtype><subtype><stname Sync="TRUE">Belag - wassergebunden</stname><stcode Sync="TRUE">2900</stcode><stfield><stfldnm Sync="TRUE">Profil</stfldnm><stflddd><domname Sync="TRUE">Belag - wassergebunden</domname><domdesc Sync="TRUE">Belag - wassergebunden</domdesc><domtype Sync="TRUE">Coded Value</domtype><mrgtype Sync="TRUE">Default value</mrgtype><splttype Sync="TRUE">Default value</splttype><domowner Sync="TRUE"></domowner><domfldtp Sync="TRUE">SmallInteger</domfldtp></stflddd></stfield><stfield><stfldnm Sync="TRUE">Pflegeklasse</stfldnm><stflddd><domname Sync="TRUE">Pflegeklasse</domname><domdesc Sync="TRUE">Pflegeklasse</domdesc><domtype Sync="TRUE">Coded Value</domtype><mrgtype Sync="TRUE">Default value</mrgtype><splttype Sync="TRUE">Default value</splttype><domowner Sync="TRUE"></domowner><domfldtp Sync="TRUE">SmallInteger</domfldtp></stflddd></stfield></subtype><subtype><stname Sync="TRUE">Spezialbauten</stname><stcode Sync="TRUE">3100</stcode><stfield><stfldnm Sync="TRUE">Profil</stfldnm><stflddd><domname Sync="TRUE">Spezialbauten</domname><domdesc Sync="TRUE">Spezialbauten</domdesc><domtype Sync="TRUE">Coded Value</domtype><mrgtype Sync="TRUE">Default value</mrgtype><splttype Sync="TRUE">Default value</splttype><domowner Sync="TRUE"></domowner><domfldtp Sync="TRUE">SmallInteger</domfldtp></stflddd></stfield><stfield><stfldnm Sync="TRUE">Pflegeklasse</stfldnm><stflddd><domname Sync="TRUE">Pflegeklasse</domname><domdesc Sync="TRUE">Pflegeklasse</domdesc><domtype Sync="TRUE">Coded Value</domtype><mrgtype Sync="TRUE">Default value</mrgtype><splttype Sync="TRUE">Default value</splttype><domowner Sync="TRUE"></domowner><domfldtp Sync="TRUE">SmallInteger</domfldtp></stflddd></stfield></subtype><attr><attrlabl Sync="TRUE">Pflegeklas</attrlabl><attalias Sync="TRUE">Pflegeklas</attalias><attrtype Sync="TRUE">Integer</attrtype><attwidth Sync="TRUE">5</attwidth><atprecis Sync="TRUE">5</atprecis><attscale Sync="TRUE">0</attscale></attr><subtype><stname Sync="TRUE">Wasserflaeche</stname><stcode Sync="TRUE">3200</stcode><stfield><stfldnm Sync="TRUE">Profil</stfldnm><stflddd><domname Sync="TRUE">Wasserflaeche</domname><domdesc Sync="TRUE">Wasserflaeche</domdesc><domtype Sync="TRUE">Coded Value</domtype><mrgtype Sync="TRUE">Default value</mrgtype><splttype Sync="TRUE">Default value</splttype><domowner Sync="TRUE"></domowner><domfldtp Sync="TRUE">SmallInteger</domfldtp></stflddd></stfield><stfield><stfldnm Sync="TRUE">Pflegeklasse</stfldnm><stflddd><domname Sync="TRUE">Pflegeklasse</domname><domdesc Sync="TRUE">Pflegeklasse</domdesc><domtype Sync="TRUE">Coded Value</domtype><mrgtype Sync="TRUE">Default value</mrgtype><splttype Sync="TRUE">Default value</splttype><domowner Sync="TRUE"></domowner><domfldtp Sync="TRUE">SmallInteger</domfldtp></stflddd></stfield></subtype><subtype><stname Sync="TRUE">Objektbezogene Arbeiten</stname><stcode Sync="TRUE">3300</stcode><stfield><stfldnm Sync="TRUE">Profil</stfldnm><stflddd><domname Sync="TRUE">Objektbezogene Arbeiten</domname><domdesc Sync="TRUE">Objektbezogene Arbeiten</domdesc><domtype Sync="TRUE">Coded Value</domtype><mrgtype Sync="TRUE">Default value</mrgtype><splttype Sync="TRUE">Default value</splttype><domowner Sync="TRUE"></domowner><domfldtp Sync="TRUE">SmallInteger</domfldtp></stflddd></stfield><stfield><stfldnm Sync="TRUE">Pflegeklasse</stfldnm><stflddd><domname Sync="TRUE">Pflegeklasse</domname><domdesc Sync="TRUE">Pflegeklasse</domdesc><domtype Sync="TRUE">Coded Value</domtype><mrgtype Sync="TRUE">Default value</mrgtype><splttype Sync="TRUE">Default value</splttype><domowner Sync="TRUE"></domowner><domfldtp Sync="TRUE">SmallInteger</domfldtp></stflddd></stfield></subtype><subtype><stname Sync="TRUE">unbekannt</stname><stcode Sync="TRUE">4900</stcode><stfield><stfldnm Sync="TRUE">Profil</stfldnm><stflddd><domname Sync="TRUE">unbekannt - Flaechen</domname><domdesc Sync="TRUE">unbekannt - Flaechen</domdesc><domtype Sync="TRUE">Coded Value</domtype><mrgtype Sync="TRUE">Default value</mrgtype><splttype Sync="TRUE">Default value</splttype><domowner Sync="TRUE"></domowner><domfldtp Sync="TRUE">SmallInteger</domfldtp></stflddd></stfield><stfield><stfldnm Sync="TRUE">Pflegeklasse</stfldnm><stflddd><domname Sync="TRUE">Pflegeklasse</domname><domdesc Sync="TRUE">Pflegeklasse</domdesc><domtype Sync="TRUE">Coded Value</domtype><mrgtype Sync="TRUE">Default value</mrgtype><splttype Sync="TRUE">Default value</splttype><domowner Sync="TRUE"></domowner><domfldtp Sync="TRUE">SmallInteger</domfldtp></stflddd></stfield></subtype><subtype><stname Sync="TRUE">Belag - Sand</stname><stcode Sync="TRUE">3000</stcode><stfield><stfldnm Sync="TRUE">Profil</stfldnm><stflddd><domname Sync="TRUE">Belag - Sand</domname><domdesc Sync="TRUE">Belag - Sand</domdesc><domtype Sync="TRUE">Coded Value</domtype><mrgtype Sync="TRUE">Default value</mrgtype><splttype Sync="TRUE">Default value</splttype><domowner Sync="TRUE"></domowner><domfldtp Sync="TRUE">SmallInteger</domfldtp></stflddd></stfield><stfield><stfldnm Sync="TRUE">Pflegeklasse</stfldnm><stflddd><domname Sync="TRUE">Pflegeklasse</domname><domdesc Sync="TRUE">Pflegeklasse</domdesc><domtype Sync="TRUE">Coded Value</domtype><mrgtype Sync="TRUE">Default value</mrgtype><splttype Sync="TRUE">Default value</splttype><domowner Sync="TRUE"></domowner><domfldtp Sync="TRUE">SmallInteger</domfldtp></stflddd></stfield></subtype><attr><attrlabl Sync="TRUE">Shape_Leng</attrlabl><attalias Sync="TRUE">Shape_Leng</attalias><attrtype Sync="TRUE">Double</attrtype><attwidth Sync="TRUE">19</attwidth><atprecis Sync="TRUE">0</atprecis><attscale Sync="TRUE">0</attscale></attr><subtype><stname Sync="TRUE">Gebaeude</stname><stcode Sync="TRUE">4800</stcode><stfield><stfldnm Sync="TRUE">Profil</stfldnm><stflddd><domname Sync="TRUE">Rasen</domname><domdesc Sync="TRUE">Rasen</domdesc><domtype Sync="TRUE">Coded Value</domtype><mrgtype Sync="TRUE">Default value</mrgtype><splttype Sync="TRUE">Default value</splttype><domowner Sync="TRUE"></domowner><domfldtp Sync="TRUE">SmallInteger</domfldtp></stflddd></stfield><stfield><stfldnm Sync="TRUE">Pflegeklasse</stfldnm><stflddd><domname Sync="TRUE">Pflegeklasse</domname><domdesc Sync="TRUE">Pflegeklasse</domdesc><domtype Sync="TRUE">Coded Value</domtype><mrgtype Sync="TRUE">Default value</mrgtype><splttype Sync="TRUE">Default value</splttype><domowner Sync="TRUE"></domowner><domfldtp Sync="TRUE">SmallInteger</domfldtp></stflddd></stfield></subtype></detailed></eainfo><mdDateSt Sync="TRUE">20211101</mdDateSt></metadata>
