<metadata xml:lang="de"><Esri><CreaDate>20191022</CreaDate><CreaTime>08452900</CreaTime><ArcGISFormat>1.0</ArcGISFormat><SyncOnce>FALSE</SyncOnce><DataProperties><lineage><Process ToolSource="c:\program files (x86)\arcgis\desktop10.3\ArcToolbox\Toolboxes\Data Management Tools.tbx\CalculateField" Date="20160503" Time="091359">CalculateField Punkte Schema 5700 VB #</Process><Process ToolSource="c:\program files (x86)\arcgis\desktop10.3\ArcToolbox\Toolboxes\Data Management Tools.tbx\CalculateField" Date="20160503" Time="091410">CalculateField Punkte Profil 5701 VB #</Process><Process ToolSource="c:\program files (x86)\arcgis\desktop10.3\ArcToolbox\Toolboxes\Data Management Tools.tbx\CalculateField" Date="20160503" Time="091429">CalculateField Punkte Schema 5900 VB #</Process><Process ToolSource="c:\program files (x86)\arcgis\desktop10.3\ArcToolbox\Toolboxes\Data Management Tools.tbx\CalculateField" Date="20160503" Time="091441">CalculateField Punkte Schema 5902 VB #</Process><Process ToolSource="c:\program files (x86)\arcgis\desktop10.3\ArcToolbox\Toolboxes\Data Management Tools.tbx\CalculateField" Date="20160503" Time="091454">CalculateField Punkte Schema 5900 VB #</Process><Process ToolSource="c:\program files (x86)\arcgis\desktop10.3\ArcToolbox\Toolboxes\Data Management Tools.tbx\CalculateField" Date="20160503" Time="091502">CalculateField Punkte Profil 5902 VB #</Process><Process ToolSource="c:\program files (x86)\arcgis\desktop10.3\ArcToolbox\Toolboxes\Data Management Tools.tbx\CalculateField" Date="20160503" Time="091511">CalculateField Punkte Profil 5901 VB #</Process><Process ToolSource="c:\program files (x86)\arcgis\desktop10.3\ArcToolbox\Toolboxes\Data Management Tools.tbx\CalculateField" Date="20160503" Time="091538">CalculateField Punkte Schema 5000 VB #</Process><Process ToolSource="c:\program files (x86)\arcgis\desktop10.3\ArcToolbox\Toolboxes\Data Management Tools.tbx\CalculateField" Date="20160503" Time="091609">CalculateField Punkte Profil 5005 VB #</Process><Process ToolSource="c:\program files (x86)\arcgis\desktop10.3\ArcToolbox\Toolboxes\Data Management Tools.tbx\CalculateField" Date="20160503" Time="091626">CalculateField Punkte Schema 5000 VB #</Process><Process ToolSource="c:\program files (x86)\arcgis\desktop10.3\ArcToolbox\Toolboxes\Data Management Tools.tbx\CalculateField" Date="20160503" Time="091638">CalculateField Punkte Profil 5007 VB #</Process><Process ToolSource="c:\program files (x86)\arcgis\desktop10.3\ArcToolbox\Toolboxes\Data Management Tools.tbx\CalculateField" Date="20160503" Time="091651">CalculateField Punkte Schema 5000 VB #</Process><Process ToolSource="c:\program files (x86)\arcgis\desktop10.3\ArcToolbox\Toolboxes\Data Management Tools.tbx\CalculateField" Date="20160503" Time="091701">CalculateField Punkte Profil 5006 VB #</Process><Process ToolSource="c:\program files (x86)\arcgis\desktop10.3\ArcToolbox\Toolboxes\Data Management Tools.tbx\CalculateField" Date="20160503" Time="091723">CalculateField Punkte Bemerkung "Infotafel" VB #</Process><Process ToolSource="c:\program files (x86)\arcgis\desktop10.3\ArcToolbox\Toolboxes\Data Management Tools.tbx\CalculateField" Date="20160503" Time="091731">CalculateField Punkte Schema 8900 VB #</Process><Process ToolSource="c:\program files (x86)\arcgis\desktop10.3\ArcToolbox\Toolboxes\Data Management Tools.tbx\CalculateField" Date="20160503" Time="091747">CalculateField Punkte Schema 5300 VB #</Process><Process ToolSource="c:\program files (x86)\arcgis\desktop10.3\ArcToolbox\Toolboxes\Data Management Tools.tbx\CalculateField" Date="20160503" Time="091757">CalculateField Punkte Profil 5302 VB #</Process><Process ToolSource="c:\program files (x86)\arcgis\desktop10.3\ArcToolbox\Toolboxes\Data Management Tools.tbx\CalculateField" Date="20160503" Time="091806">CalculateField Punkte Schema 5300 VB #</Process><Process ToolSource="c:\program files (x86)\arcgis\desktop10.3\ArcToolbox\Toolboxes\Data Management Tools.tbx\CalculateField" Date="20160503" Time="091829">CalculateField Punkte Schema 5200 VB #</Process><Process ToolSource="c:\program files (x86)\arcgis\desktop10.3\ArcToolbox\Toolboxes\Data Management Tools.tbx\CalculateField" Date="20160503" Time="091840">CalculateField Punkte Profil 5201 VB #</Process><Process ToolSource="c:\program files (x86)\arcgis\desktop10.3\ArcToolbox\Toolboxes\Data Management Tools.tbx\CalculateField" Date="20160503" Time="091904">CalculateField Punkte Schema 5200 VB #</Process><Process ToolSource="c:\program files (x86)\arcgis\desktop10.3\ArcToolbox\Toolboxes\Data Management Tools.tbx\CalculateField" Date="20160503" Time="091945">CalculateField Punkte Profil 5202 VB #</Process><Process ToolSource="c:\program files (x86)\arcgis\desktop10.3\ArcToolbox\Toolboxes\Data Management Tools.tbx\CalculateField" Date="20160503" Time="092000">CalculateField Punkte Profil 5203 VB #</Process><Process ToolSource="c:\program files (x86)\arcgis\desktop10.3\ArcToolbox\Toolboxes\Data Management Tools.tbx\CalculateField" Date="20160503" Time="092014">CalculateField Punkte Schema 5000 VB #</Process><Process ToolSource="c:\program files (x86)\arcgis\desktop10.3\ArcToolbox\Toolboxes\Data Management Tools.tbx\CalculateField" Date="20160503" Time="092029">CalculateField Punkte Profil 5001 VB #</Process><Process ToolSource="c:\program files (x86)\arcgis\desktop10.3\ArcToolbox\Toolboxes\Data Management Tools.tbx\CalculateField" Date="20160503" Time="092044">CalculateField Punkte Schema 5000 VB #</Process><Process ToolSource="c:\program files (x86)\arcgis\desktop10.3\ArcToolbox\Toolboxes\Data Management Tools.tbx\CalculateField" Date="20160503" Time="092054">CalculateField Punkte Profil 5002 VB #</Process><Process ToolSource="c:\program files (x86)\arcgis\desktop10.3\ArcToolbox\Toolboxes\Data Management Tools.tbx\CalculateField" Date="20160503" Time="092104">CalculateField Punkte Schema 5000 VB #</Process><Process ToolSource="c:\program files (x86)\arcgis\desktop10.3\ArcToolbox\Toolboxes\Data Management Tools.tbx\CalculateField" Date="20160503" Time="092115">CalculateField Punkte Profil 5007 VB #</Process><Process ToolSource="c:\program files (x86)\arcgis\desktop10.3\ArcToolbox\Toolboxes\Data Management Tools.tbx\CalculateField" Date="20160503" Time="092132">CalculateField Punkte Schema 5000 VB #</Process><Process ToolSource="c:\program files (x86)\arcgis\desktop10.3\ArcToolbox\Toolboxes\Data Management Tools.tbx\CalculateField" Date="20160503" Time="092145">CalculateField Punkte Profil 5005 VB #</Process><Process ToolSource="c:\program files (x86)\arcgis\desktop10.3\ArcToolbox\Toolboxes\Data Management Tools.tbx\CalculateField" Date="20160503" Time="092221">CalculateField Punkte Schema 5100 VB #</Process><Process ToolSource="c:\program files (x86)\arcgis\desktop10.3\ArcToolbox\Toolboxes\Data Management Tools.tbx\CalculateField" Date="20160503" Time="092242">CalculateField Punkte Profil 5102 VB #</Process><Process ToolSource="c:\program files (x86)\arcgis\desktop10.3\ArcToolbox\Toolboxes\Data Management Tools.tbx\CalculateField" Date="20160503" Time="092303">CalculateField Punkte Schema 5100 VB #</Process><Process ToolSource="c:\program files (x86)\arcgis\desktop10.3\ArcToolbox\Toolboxes\Data Management Tools.tbx\CalculateField" Date="20160503" Time="092310">CalculateField Punkte Profil 5101 VB #</Process><Process ToolSource="c:\program files (x86)\arcgis\desktop10.3\ArcToolbox\Toolboxes\Data Management Tools.tbx\CalculateField" Date="20160503" Time="092324">CalculateField Punkte Schema 5100 VB #</Process><Process ToolSource="c:\program files (x86)\arcgis\desktop10.3\ArcToolbox\Toolboxes\Data Management Tools.tbx\CalculateField" Date="20160503" Time="092331">CalculateField Punkte Profil 5103 VB #</Process><Process ToolSource="c:\program files (x86)\arcgis\desktop10.3\ArcToolbox\Toolboxes\Data Management Tools.tbx\CalculateField" Date="20160607" Time="103233">CalculateField Punkte Profil 5301 VB #</Process><Process ToolSource="c:\program files (x86)\arcgis\desktop10.3\ArcToolbox\Toolboxes\Data Management Tools.tbx\CalculateField" Date="20160608" Time="131923">CalculateField Punkte Perimeter "ZHAW" VB #</Process><Process ToolSource="c:\program files (x86)\arcgis\desktop10.3\ArcToolbox\Toolboxes\Data Management Tools.tbx\CalculateField" Date="20160608" Time="132017">CalculateField Punkte Perimeter "ZHAW" VB #</Process><Process ToolSource="c:\program files (x86)\arcgis\desktop10.3\ArcToolbox\Toolboxes\Data Management Tools.tbx\CalculateField" Date="20160608" Time="142852">CalculateField Punkte Perimeter "IUNR" VB #</Process><Process ToolSource="c:\program files (x86)\arcgis\desktop10.3\ArcToolbox\Toolboxes\Data Management Tools.tbx\CalculateField" Date="20160614" Time="131745">CalculateField Punkte test [Schema] VB #</Process><Process ToolSource="c:\program files (x86)\arcgis\desktop10.4\ArcToolbox\Toolboxes\Data Management Tools.tbx\Project" Date="20170725" Time="095754">Project C:\Daten\Unterricht\Modul_GIS\01_Einfuehrung\Uebung\Daten\Systematik_GFM.gdb\Gruental\Punkte C:\Daten\Unterricht\Modul_GIS\01_Einfuehrung\Uebung\Daten\GFM_Gruental\Systematik_GFM.gdb\Gruental\Punkte PROJCS['CH1903+_LV95',GEOGCS['GCS_CH1903+',DATUM['D_CH1903+',SPHEROID['Bessel_1841',6377397.155,299.1528128]],PRIMEM['Greenwich',0.0],UNIT['Degree',0.0174532925199433]],PROJECTION['Hotine_Oblique_Mercator_Azimuth_Center'],PARAMETER['False_Easting',2600000.0],PARAMETER['False_Northing',1200000.0],PARAMETER['Scale_Factor',1.0],PARAMETER['Azimuth',90.0],PARAMETER['Longitude_Of_Center',7.439583333333333],PARAMETER['Latitude_Of_Center',46.95240555555556],UNIT['Meter',1.0]],VERTCS['LN_1902',VDATUM['Landesnivellement_1902'],PARAMETER['Vertical_Shift',0.0],PARAMETER['Direction',1.0],UNIT['Meter',1.0]] CH1903_To_CH1903+_1_NTv2 PROJCS['CH1903_LV03',GEOGCS['GCS_CH1903',DATUM['D_CH1903',SPHEROID['Bessel_1841',6377397.155,299.1528128]],PRIMEM['Greenwich',0.0],UNIT['Degree',0.0174532925199433]],PROJECTION['Hotine_Oblique_Mercator_Azimuth_Center'],PARAMETER['False_Easting',600000.0],PARAMETER['False_Northing',200000.0],PARAMETER['Scale_Factor',1.0],PARAMETER['Azimuth',90.0],PARAMETER['Longitude_Of_Center',7.439583333333333],PARAMETER['Latitude_Of_Center',46.95240555555556],UNIT['Meter',1.0]],VERTCS['LN_1902',VDATUM['Landesnivellement_1902'],PARAMETER['Vertical_Shift',0.0],PARAMETER['Direction',1.0],UNIT['Meter',1.0]] NO_PRESERVE_SHAPE # NO_VERTICAL</Process><Process ToolSource="c:\program files (x86)\arcgis\desktop10.4\ArcToolbox\Toolboxes\Analysis Tools.tbx\Clip" Date="20170725" Time="095913">Clip C:\Daten\Unterricht\Modul_GIS\01_Einfuehrung\Uebung\Daten\GFM_Gruental\Systematik_GFM.gdb\Gruental\Punkte_alle Extent C:\Daten\Unterricht\Modul_GIS\01_Einfuehrung\Uebung\Daten\GFM_Gruental\Systematik_GFM.gdb\Gruental\Punkte #</Process><Process ToolSource="c:\program files\arcgis\pro\Resources\ArcToolbox\toolboxes\Conversion Tools.tbx\FeatureClassToFeatureClass" Date="20191022" Time="075548">FeatureClassToFeatureClass C:\Daten\Unterricht\Bachelor\Modul_GIS_HS19\07_Datenakquisition_III\Uebung\Vorbereitung\Systematik_GFM.gdb\Gruental\Punkte C:\Daten\Unterricht\Bachelor\Modul_GIS_HS19\07_Datenakquisition_III\Uebung\Vorbereitung\Akquisition_III.gdb\Gruental Punkte # "Schema "Schema" true true false 2 Short 0 0,First,#,C:\Daten\Unterricht\Bachelor\Modul_GIS_HS19\07_Datenakquisition_III\Uebung\Vorbereitung\Systematik_GFM.gdb\Gruental\Punkte,Schema,-1,-1;Profil "Profil" true true false 2 Short 0 0,First,#,C:\Daten\Unterricht\Bachelor\Modul_GIS_HS19\07_Datenakquisition_III\Uebung\Vorbereitung\Systematik_GFM.gdb\Gruental\Punkte,Profil,-1,-1;Pflegeklasse "Pflegeklasse" true true false 2 Short 0 0,First,#,C:\Daten\Unterricht\Bachelor\Modul_GIS_HS19\07_Datenakquisition_III\Uebung\Vorbereitung\Systematik_GFM.gdb\Gruental\Punkte,Pflegeklasse,-1,-1;Altersstufe "Altersstufe" true true false 2 Short 0 0,First,#,C:\Daten\Unterricht\Bachelor\Modul_GIS_HS19\07_Datenakquisition_III\Uebung\Vorbereitung\Systematik_GFM.gdb\Gruental\Punkte,Altersstufe,-1,-1;Bemerkung "Bemerkung" true true false 100 Text 0 0,First,#,C:\Daten\Unterricht\Bachelor\Modul_GIS_HS19\07_Datenakquisition_III\Uebung\Vorbereitung\Systematik_GFM.gdb\Gruental\Punkte,Bemerkung,0,100;Erneuerung "Erneuerung" true true false 2 Short 0 0,First,#,C:\Daten\Unterricht\Bachelor\Modul_GIS_HS19\07_Datenakquisition_III\Uebung\Vorbereitung\Systematik_GFM.gdb\Gruental\Punkte,Erneuerung,-1,-1;Perimeter "Perimeter" true true false 5 Text 0 0,First,#,C:\Daten\Unterricht\Bachelor\Modul_GIS_HS19\07_Datenakquisition_III\Uebung\Vorbereitung\Systematik_GFM.gdb\Gruental\Punkte,Perimeter,0,5" #</Process><Process ToolSource="c:\program files\arcgis\pro\Resources\ArcToolbox\toolboxes\Data Management Tools.tbx\EnableAttachments" Date="20211029" Time="081844">EnableAttachments Punkte</Process><Process ToolSource="c:\program files\arcgis\pro\Resources\ArcToolbox\toolboxes\Conversion Tools.tbx\FeatureClassToFeatureClass" Date="20211101" Time="120020">FeatureClassToFeatureClass Punkte C:\Users\bako\Desktop\kurse\HS21\Research_Methods\RaumAnalyse\raumanalyse.gdb Punkte # "Schema "Schema" true true false 2 Short 0 0,First,#,Punkte,Schema,-1,-1;Profil "Profil" true true false 2 Short 0 0,First,#,Punkte,Profil,-1,-1;Pflegeklasse "Pflegeklasse" true true false 2 Short 0 0,First,#,Punkte,Pflegeklasse,-1,-1;Altersstufe "Altersstufe" true true false 2 Short 0 0,First,#,Punkte,Altersstufe,-1,-1;Bemerkung "Bemerkung" true true false 100 Text 0 0,First,#,Punkte,Bemerkung,0,100;Erneuerung "Erneuerung" true true false 2 Short 0 0,First,#,Punkte,Erneuerung,-1,-1;Perimeter "Perimeter" true true false 5 Text 0 0,First,#,Punkte,Perimeter,0,5" #</Process><Process ToolSource="c:\program files\arcgis\pro\Resources\ArcToolbox\toolboxes\Conversion Tools.tbx\FeatureClassToFeatureClass" Date="20211101" Time="144958">FeatureClassToFeatureClass Punkte C:\Users\bako\Desktop\kurse\HS21\Research_Methods\RaumAnalyse\RaumAnalyse\shp Punkte.shp # "Schema "Schema" true true false 2 Short 0 0,First,#,Punkte,Schema,-1,-1;Profil "Profil" true true false 2 Short 0 0,First,#,Punkte,Profil,-1,-1;Pflegeklas "Pflegeklasse" true true false 2 Short 0 0,First,#,Punkte,Pflegeklasse,-1,-1;Altersstuf "Altersstufe" true true false 2 Short 0 0,First,#,Punkte,Altersstufe,-1,-1;Bemerkung "Bemerkung" true true false 100 Text 0 0,First,#,Punkte,Bemerkung,0,100;Erneuerung "Erneuerung" true true false 2 Short 0 0,First,#,Punkte,Erneuerung,-1,-1;Perimeter "Perimeter" true true false 5 Text 0 0,First,#,Punkte,Perimeter,0,5" #</Process></lineage><itemProps><itemLocation><linkage Sync="TRUE">file://\\CLT-MOB-N-2502\C$\Users\bako\Desktop\kurse\HS21\Research_Methods\RaumAnalyse\RaumAnalyse\shp\Punkte.shp</linkage><protocol Sync="TRUE">Local Area Network</protocol></itemLocation><itemName Sync="TRUE">Punkte</itemName><imsContentType Sync="TRUE">002</imsContentType><itemSize Sync="TRUE">0.000</itemSize></itemProps><coordRef><type Sync="TRUE">Projected</type><geogcsn Sync="TRUE">GCS_CH1903+</geogcsn><csUnits Sync="TRUE">Linear Unit: Meter (1.000000)</csUnits><projcsn Sync="TRUE">CH1903+_LV95</projcsn><peXml Sync="TRUE">&lt;ProjectedCoordinateSystem xsi:type='typens:ProjectedCoordinateSystem' xmlns:xsi='http://www.w3.org/2001/XMLSchema-instance' xmlns:xs='http://www.w3.org/2001/XMLSchema' xmlns:typens='http://www.esri.com/schemas/ArcGIS/2.6.0'&gt;&lt;WKT&gt;PROJCS[&amp;quot;CH1903+_LV95&amp;quot;,GEOGCS[&amp;quot;GCS_CH1903+&amp;quot;,DATUM[&amp;quot;D_CH1903+&amp;quot;,SPHEROID[&amp;quot;Bessel_1841&amp;quot;,6377397.155,299.1528128]],PRIMEM[&amp;quot;Greenwich&amp;quot;,0.0],UNIT[&amp;quot;Degree&amp;quot;,0.0174532925199433]],PROJECTION[&amp;quot;Hotine_Oblique_Mercator_Azimuth_Center&amp;quot;],PARAMETER[&amp;quot;False_Easting&amp;quot;,2600000.0],PARAMETER[&amp;quot;False_Northing&amp;quot;,1200000.0],PARAMETER[&amp;quot;Scale_Factor&amp;quot;,1.0],PARAMETER[&amp;quot;Azimuth&amp;quot;,90.0],PARAMETER[&amp;quot;Longitude_Of_Center&amp;quot;,7.439583333333333],PARAMETER[&amp;quot;Latitude_Of_Center&amp;quot;,46.95240555555556],UNIT[&amp;quot;Meter&amp;quot;,1.0],AUTHORITY[&amp;quot;EPSG&amp;quot;,2056]]&lt;/WKT&gt;&lt;XOrigin&gt;-27386400&lt;/XOrigin&gt;&lt;YOrigin&gt;-32067900&lt;/YOrigin&gt;&lt;XYScale&gt;140996569.55187955&lt;/XYScale&gt;&lt;ZOrigin&gt;-100000&lt;/ZOrigin&gt;&lt;ZScale&gt;10000&lt;/ZScale&gt;&lt;MOrigin&gt;-100000&lt;/MOrigin&gt;&lt;MScale&gt;10000&lt;/MScale&gt;&lt;XYTolerance&gt;0.001&lt;/XYTolerance&gt;&lt;ZTolerance&gt;0.001&lt;/ZTolerance&gt;&lt;MTolerance&gt;0.001&lt;/MTolerance&gt;&lt;HighPrecision&gt;true&lt;/HighPrecision&gt;&lt;WKID&gt;2056&lt;/WKID&gt;&lt;LatestWKID&gt;2056&lt;/LatestWKID&gt;&lt;/ProjectedCoordinateSystem&gt;</peXml></coordRef></DataProperties><SyncDate>20211101</SyncDate><SyncTime>14495800</SyncTime><ModDate>20211101</ModDate><ModTime>14495800</ModTime></Esri><dataIdInfo><envirDesc Sync="TRUE">Microsoft Windows 10 Version 10.0 (Build 18363) ; Esri ArcGIS 12.6.0.24783</envirDesc><dataLang><languageCode value="deu" Sync="TRUE"></languageCode><countryCode value="CHE" Sync="TRUE"></countryCode></dataLang><idCitation><resTitle Sync="TRUE">Punkte</resTitle><presForm><PresFormCd value="005" Sync="TRUE"></PresFormCd></presForm></idCitation><spatRpType><SpatRepTypCd value="001" Sync="TRUE"></SpatRepTypCd></spatRpType></dataIdInfo><mdLang><languageCode value="deu" Sync="TRUE"></languageCode><countryCode value="CHE" Sync="TRUE"></countryCode></mdLang><distInfo><distFormat><formatName Sync="TRUE">Shapefile</formatName></distFormat><distTranOps><transSize Sync="TRUE">0.000</transSize></distTranOps></distInfo><mdHrLv><ScopeCd value="005" Sync="TRUE"></ScopeCd></mdHrLv><mdHrLvName Sync="TRUE">dataset</mdHrLvName><refSysInfo><RefSystem><refSysID><identCode code="2056" Sync="TRUE"></identCode><idCodeSpace Sync="TRUE">EPSG</idCodeSpace><idVersion Sync="TRUE">8.8(8.1.0)</idVersion></refSysID></RefSystem></refSysInfo><spatRepInfo><VectSpatRep><geometObjs Name="Punkte"><geoObjTyp><GeoObjTypCd value="004" Sync="TRUE"></GeoObjTypCd></geoObjTyp><geoObjCnt Sync="TRUE">0</geoObjCnt></geometObjs><topLvl><TopoLevCd value="001" Sync="TRUE"></TopoLevCd></topLvl></VectSpatRep></spatRepInfo><spdoinfo><ptvctinf><esriterm Name="Punkte"><efeatyp Sync="TRUE">Simple</efeatyp><efeageom code="1" Sync="TRUE"></efeageom><esritopo Sync="TRUE">FALSE</esritopo><efeacnt Sync="TRUE">0</efeacnt><spindex Sync="TRUE">FALSE</spindex><linrefer Sync="TRUE">FALSE</linrefer></esriterm></ptvctinf></spdoinfo><eainfo><detailed Name="Punkte"><enttyp><enttypl Sync="TRUE">Punkte</enttypl><enttypt Sync="TRUE">Feature Class</enttypt><enttypc Sync="TRUE">0</enttypc></enttyp><attr><attrlabl Sync="TRUE">SHAPE</attrlabl><attalias Sync="TRUE">Shape</attalias><attrtype Sync="TRUE">Geometry</attrtype><attwidth Sync="TRUE">0</attwidth><atprecis Sync="TRUE">0</atprecis><attscale Sync="TRUE">0</attscale><attrdef Sync="TRUE">Feature geometry.</attrdef><attrdefs Sync="TRUE">Esri</attrdefs><attrdomv><udom Sync="TRUE">Coordinates defining the features.</udom></attrdomv></attr><attr><attrlabl Sync="TRUE">Schema</attrlabl><attalias Sync="TRUE">Schema</attalias><attrtype Sync="TRUE">Integer</attrtype><attwidth Sync="TRUE">5</attwidth><atprecis Sync="TRUE">5</atprecis><attscale Sync="TRUE">0</attscale></attr><attr><attrlabl Sync="TRUE">Profil</attrlabl><attalias Sync="TRUE">Profil</attalias><attrtype Sync="TRUE">Integer</attrtype><attwidth Sync="TRUE">5</attwidth><atprecis Sync="TRUE">5</atprecis><attscale Sync="TRUE">0</attscale></attr><attr><attrlabl Sync="TRUE">Bemerkung</attrlabl><attalias Sync="TRUE">Bemerkung</attalias><attrtype Sync="TRUE">String</attrtype><attwidth Sync="TRUE">100</attwidth><atprecis Sync="TRUE">0</atprecis><attscale Sync="TRUE">0</attscale></attr><attr><attrlabl Sync="TRUE">Erneuerung</attrlabl><attalias Sync="TRUE">Erneuerung</attalias><attrtype Sync="TRUE">Integer</attrtype><attwidth Sync="TRUE">5</attwidth><atprecis Sync="TRUE">5</atprecis><attscale Sync="TRUE">0</attscale></attr><attr><attrlabl Sync="TRUE">Perimeter</attrlabl><attalias Sync="TRUE">Perimeter</attalias><attrtype Sync="TRUE">String</attrtype><attwidth Sync="TRUE">5</attwidth><atprecis Sync="TRUE">0</atprecis><attscale Sync="TRUE">0</attscale></attr><subtype><stname Sync="TRUE">Baum solitaer</stname><stcode Sync="TRUE">5000</stcode><stfield><stfldnm Sync="TRUE">Profil</stfldnm><stflddd><domname Sync="TRUE">Baum solitaer</domname><domdesc Sync="TRUE">Baum solitaer</domdesc><domtype Sync="TRUE">Coded Value</domtype><mrgtype Sync="TRUE">Default value</mrgtype><splttype Sync="TRUE">Default value</splttype><domowner Sync="TRUE"></domowner><domfldtp Sync="TRUE">SmallInteger</domfldtp></stflddd></stfield><stfield><stfldnm Sync="TRUE">Pflegeklasse</stfldnm><stflddd><domname Sync="TRUE">Pflegeklasse</domname><domdesc Sync="TRUE">Pflegeklasse</domdesc><domtype Sync="TRUE">Coded Value</domtype><mrgtype Sync="TRUE">Default value</mrgtype><splttype Sync="TRUE">Default value</splttype><domowner Sync="TRUE"></domowner><domfldtp Sync="TRUE">SmallInteger</domfldtp></stflddd></stfield><stfield><stfldnm Sync="TRUE">Altersstufe</stfldnm><stflddd><domname Sync="TRUE">Altersstufe</domname><domdesc Sync="TRUE">Altersstufe</domdesc><domtype Sync="TRUE">Coded Value</domtype><mrgtype Sync="TRUE">Default value</mrgtype><splttype Sync="TRUE">Default value</splttype><domowner Sync="TRUE"></domowner><domfldtp Sync="TRUE">SmallInteger</domfldtp></stflddd></stfield></subtype><subtype><stname Sync="TRUE">Strauch</stname><stcode Sync="TRUE">5100</stcode><stfield><stfldnm Sync="TRUE">Profil</stfldnm><stflddd><domname Sync="TRUE">Strauch</domname><domdesc Sync="TRUE">Strauch</domdesc><domtype Sync="TRUE">Coded Value</domtype><mrgtype Sync="TRUE">Default value</mrgtype><splttype Sync="TRUE">Default value</splttype><domowner Sync="TRUE"></domowner><domfldtp Sync="TRUE">SmallInteger</domfldtp></stflddd></stfield><stfield><stfldnm Sync="TRUE">Pflegeklasse</stfldnm><stflddd><domname Sync="TRUE">Pflegeklasse</domname><domdesc Sync="TRUE">Pflegeklasse</domdesc><domtype Sync="TRUE">Coded Value</domtype><mrgtype Sync="TRUE">Default value</mrgtype><splttype Sync="TRUE">Default value</splttype><domowner Sync="TRUE"></domowner><domfldtp Sync="TRUE">SmallInteger</domfldtp></stflddd></stfield><stfield><stfldnm Sync="TRUE">Altersstufe</stfldnm><stflddd><domname Sync="TRUE">Altersstufe</domname><domdesc Sync="TRUE">Altersstufe</domdesc><domtype Sync="TRUE">Coded Value</domtype><mrgtype Sync="TRUE">Default value</mrgtype><splttype Sync="TRUE">Default value</splttype><domowner Sync="TRUE"></domowner><domfldtp Sync="TRUE">SmallInteger</domfldtp></stflddd></stfield></subtype><subtype><stname Sync="TRUE">Schling- und Kletterpflanze</stname><stcode Sync="TRUE">5200</stcode><stfield><stfldnm Sync="TRUE">Profil</stfldnm><stflddd><domname Sync="TRUE">Schling- und Kletterpflanze</domname><domdesc Sync="TRUE">Schling- und Kletterpflanze</domdesc><domtype Sync="TRUE">Coded Value</domtype><mrgtype Sync="TRUE">Default value</mrgtype><splttype Sync="TRUE">Default value</splttype><domowner Sync="TRUE"></domowner><domfldtp Sync="TRUE">SmallInteger</domfldtp></stflddd></stfield><stfield><stfldnm Sync="TRUE">Pflegeklasse</stfldnm><stflddd><domname Sync="TRUE">Pflegeklasse</domname><domdesc Sync="TRUE">Pflegeklasse</domdesc><domtype Sync="TRUE">Coded Value</domtype><mrgtype Sync="TRUE">Default value</mrgtype><splttype Sync="TRUE">Default value</splttype><domowner Sync="TRUE"></domowner><domfldtp Sync="TRUE">SmallInteger</domfldtp></stflddd></stfield><stfield><stfldnm Sync="TRUE">Altersstufe</stfldnm><stflddd><domname Sync="TRUE">Altersstufe</domname><domdesc Sync="TRUE">Altersstufe</domdesc><domtype Sync="TRUE">Coded Value</domtype><mrgtype Sync="TRUE">Default value</mrgtype><splttype Sync="TRUE">Default value</splttype><domowner Sync="TRUE"></domowner><domfldtp Sync="TRUE">SmallInteger</domfldtp></stflddd></stfield></subtype><subtype><stname Sync="TRUE">Gefaessbepflanzung</stname><stcode Sync="TRUE">5300</stcode><stfield><stfldnm Sync="TRUE">Profil</stfldnm><stflddd><domname Sync="TRUE">Gefaessbepflanzung</domname><domdesc Sync="TRUE">Gefaessbepflanzung</domdesc><domtype Sync="TRUE">Coded Value</domtype><mrgtype Sync="TRUE">Default value</mrgtype><splttype Sync="TRUE">Default value</splttype><domowner Sync="TRUE"></domowner><domfldtp Sync="TRUE">SmallInteger</domfldtp></stflddd></stfield><stfield><stfldnm Sync="TRUE">Pflegeklasse</stfldnm><stflddd><domname Sync="TRUE">Pflegeklasse</domname><domdesc Sync="TRUE">Pflegeklasse</domdesc><domtype Sync="TRUE">Coded Value</domtype><mrgtype Sync="TRUE">Default value</mrgtype><splttype Sync="TRUE">Default value</splttype><domowner Sync="TRUE"></domowner><domfldtp Sync="TRUE">SmallInteger</domfldtp></stflddd></stfield><stfield><stfldnm Sync="TRUE">Altersstufe</stfldnm><stflddd><domname Sync="TRUE">Altersstufe</domname><domdesc Sync="TRUE">Altersstufe</domdesc><domtype Sync="TRUE">Coded Value</domtype><mrgtype Sync="TRUE">Default value</mrgtype><splttype Sync="TRUE">Default value</splttype><domowner Sync="TRUE"></domowner><domfldtp Sync="TRUE">SmallInteger</domfldtp></stflddd></stfield></subtype><subtype><stname Sync="TRUE">Innenraumbegruenung</stname><stcode Sync="TRUE">5400</stcode><stfield><stfldnm Sync="TRUE">Profil</stfldnm><stflddd><domname Sync="TRUE">Innenraumbegruenung</domname><domdesc Sync="TRUE">Innenraumbegruenung</domdesc><domtype Sync="TRUE">Coded Value</domtype><mrgtype Sync="TRUE">Default value</mrgtype><splttype Sync="TRUE">Default value</splttype><domowner Sync="TRUE"></domowner><domfldtp Sync="TRUE">SmallInteger</domfldtp></stflddd></stfield><stfield><stfldnm Sync="TRUE">Pflegeklasse</stfldnm><stflddd><domname Sync="TRUE">Pflegeklasse</domname><domdesc Sync="TRUE">Pflegeklasse</domdesc><domtype Sync="TRUE">Coded Value</domtype><mrgtype Sync="TRUE">Default value</mrgtype><splttype Sync="TRUE">Default value</splttype><domowner Sync="TRUE"></domowner><domfldtp Sync="TRUE">SmallInteger</domfldtp></stflddd></stfield><stfield><stfldnm Sync="TRUE">Altersstufe</stfldnm><stflddd><domname Sync="TRUE">Altersstufe</domname><domdesc Sync="TRUE">Altersstufe</domdesc><domtype Sync="TRUE">Coded Value</domtype><mrgtype Sync="TRUE">Default value</mrgtype><splttype Sync="TRUE">Default value</splttype><domowner Sync="TRUE"></domowner><domfldtp Sync="TRUE">SmallInteger</domfldtp></stflddd></stfield></subtype><subtype><stname Sync="TRUE">Brunnenanlage</stname><stcode Sync="TRUE">5500</stcode><stfield><stfldnm Sync="TRUE">Profil</stfldnm><stflddd><domname Sync="TRUE">Brunnenanlage</domname><domdesc Sync="TRUE">Brunnenanlage</domdesc><domtype Sync="TRUE">Coded Value</domtype><mrgtype Sync="TRUE">Default value</mrgtype><splttype Sync="TRUE">Default value</splttype><domowner Sync="TRUE"></domowner><domfldtp Sync="TRUE">SmallInteger</domfldtp></stflddd></stfield><stfield><stfldnm Sync="TRUE">Pflegeklasse</stfldnm><stflddd><domname Sync="TRUE">Pflegeklasse</domname><domdesc Sync="TRUE">Pflegeklasse</domdesc><domtype Sync="TRUE">Coded Value</domtype><mrgtype Sync="TRUE">Default value</mrgtype><splttype Sync="TRUE">Default value</splttype><domowner Sync="TRUE"></domowner><domfldtp Sync="TRUE">SmallInteger</domfldtp></stflddd></stfield><stfield><stfldnm Sync="TRUE">Altersstufe</stfldnm><stflddd><domname Sync="TRUE">Altersstufe</domname><domdesc Sync="TRUE">Altersstufe</domdesc><domtype Sync="TRUE">Coded Value</domtype><mrgtype Sync="TRUE">Default value</mrgtype><splttype Sync="TRUE">Default value</splttype><domowner Sync="TRUE"></domowner><domfldtp Sync="TRUE">SmallInteger</domfldtp></stflddd></stfield></subtype><subtype><stname Sync="TRUE">Ausstattung - Sitzgelegenheit</stname><stcode Sync="TRUE">5600</stcode><stfield><stfldnm Sync="TRUE">Profil</stfldnm><stflddd><domname Sync="TRUE">Ausstattung - Sitzgelegenheit</domname><domdesc Sync="TRUE">Ausstattung - Sitzgelegenheit</domdesc><domtype Sync="TRUE">Coded Value</domtype><mrgtype Sync="TRUE">Default value</mrgtype><splttype Sync="TRUE">Default value</splttype><domowner Sync="TRUE"></domowner><domfldtp Sync="TRUE">SmallInteger</domfldtp></stflddd></stfield><stfield><stfldnm Sync="TRUE">Pflegeklasse</stfldnm><stflddd><domname Sync="TRUE">Pflegeklasse</domname><domdesc Sync="TRUE">Pflegeklasse</domdesc><domtype Sync="TRUE">Coded Value</domtype><mrgtype Sync="TRUE">Default value</mrgtype><splttype Sync="TRUE">Default value</splttype><domowner Sync="TRUE"></domowner><domfldtp Sync="TRUE">SmallInteger</domfldtp></stflddd></stfield><stfield><stfldnm Sync="TRUE">Altersstufe</stfldnm><stflddd><domname Sync="TRUE">Altersstufe</domname><domdesc Sync="TRUE">Altersstufe</domdesc><domtype Sync="TRUE">Coded Value</domtype><mrgtype Sync="TRUE">Default value</mrgtype><splttype Sync="TRUE">Default value</splttype><domowner Sync="TRUE"></domowner><domfldtp Sync="TRUE">SmallInteger</domfldtp></stflddd></stfield></subtype><attr><attrlabl Sync="TRUE">FID</attrlabl><attalias Sync="TRUE">FID</attalias><attrtype Sync="TRUE">OID</attrtype><attwidth Sync="TRUE">4</attwidth><atprecis Sync="TRUE">0</atprecis><attscale Sync="TRUE">0</attscale><attrdef Sync="TRUE">Internal feature number.</attrdef><attrdefs Sync="TRUE">Esri</attrdefs><attrdomv><udom Sync="TRUE">Sequential unique whole numbers that are automatically generated.</udom></attrdomv></attr><subtype><stname Sync="TRUE">Ausstattung - Abfalleimer</stname><stcode Sync="TRUE">5700</stcode><stfield><stfldnm Sync="TRUE">Profil</stfldnm><stflddd><domname Sync="TRUE">Ausstattung - Abfalleimer</domname><domdesc Sync="TRUE">Ausstattung - Abfalleimer</domdesc><domtype Sync="TRUE">Coded Value</domtype><mrgtype Sync="TRUE">Default value</mrgtype><splttype Sync="TRUE">Default value</splttype><domowner Sync="TRUE"></domowner><domfldtp Sync="TRUE">SmallInteger</domfldtp></stflddd></stfield><stfield><stfldnm Sync="TRUE">Pflegeklasse</stfldnm><stflddd><domname Sync="TRUE">Pflegeklasse</domname><domdesc Sync="TRUE">Pflegeklasse</domdesc><domtype Sync="TRUE">Coded Value</domtype><mrgtype Sync="TRUE">Default value</mrgtype><splttype Sync="TRUE">Default value</splttype><domowner Sync="TRUE"></domowner><domfldtp Sync="TRUE">SmallInteger</domfldtp></stflddd></stfield><stfield><stfldnm Sync="TRUE">Altersstufe</stfldnm><stflddd><domname Sync="TRUE">Altersstufe</domname><domdesc Sync="TRUE">Altersstufe</domdesc><domtype Sync="TRUE">Coded Value</domtype><mrgtype Sync="TRUE">Default value</mrgtype><splttype Sync="TRUE">Default value</splttype><domowner Sync="TRUE"></domowner><domfldtp Sync="TRUE">SmallInteger</domfldtp></stflddd></stfield></subtype><subtype><stname Sync="TRUE">Ausstattung - Tisch</stname><stcode Sync="TRUE">5800</stcode><stfield><stfldnm Sync="TRUE">Profil</stfldnm><stflddd><domname Sync="TRUE">Ausstattung - Tisch</domname><domdesc Sync="TRUE">Ausstattung - Tisch</domdesc><domtype Sync="TRUE">Coded Value</domtype><mrgtype Sync="TRUE">Default value</mrgtype><splttype Sync="TRUE">Default value</splttype><domowner Sync="TRUE"></domowner><domfldtp Sync="TRUE">SmallInteger</domfldtp></stflddd></stfield><stfield><stfldnm Sync="TRUE">Pflegeklasse</stfldnm><stflddd><domname Sync="TRUE">Pflegeklasse</domname><domdesc Sync="TRUE">Pflegeklasse</domdesc><domtype Sync="TRUE">Coded Value</domtype><mrgtype Sync="TRUE">Default value</mrgtype><splttype Sync="TRUE">Default value</splttype><domowner Sync="TRUE"></domowner><domfldtp Sync="TRUE">SmallInteger</domfldtp></stflddd></stfield><stfield><stfldnm Sync="TRUE">Altersstufe</stfldnm><stflddd><domname Sync="TRUE">Altersstufe</domname><domdesc Sync="TRUE">Altersstufe</domdesc><domtype Sync="TRUE">Coded Value</domtype><mrgtype Sync="TRUE">Default value</mrgtype><splttype Sync="TRUE">Default value</splttype><domowner Sync="TRUE"></domowner><domfldtp Sync="TRUE">SmallInteger</domfldtp></stflddd></stfield></subtype><subtype><stname Sync="TRUE">Ausstattung - Wege- und Platzbeleuchtung</stname><stcode Sync="TRUE">5900</stcode><stfield><stfldnm Sync="TRUE">Profil</stfldnm><stflddd><domname Sync="TRUE">Ausstattung - Wege- und Platzbeleuchtung</domname><domdesc Sync="TRUE">Ausstattung - Wege- und Platzbeleuchtung</domdesc><domtype Sync="TRUE">Coded Value</domtype><mrgtype Sync="TRUE">Default value</mrgtype><splttype Sync="TRUE">Default value</splttype><domowner Sync="TRUE"></domowner><domfldtp Sync="TRUE">SmallInteger</domfldtp></stflddd></stfield><stfield><stfldnm Sync="TRUE">Pflegeklasse</stfldnm><stflddd><domname Sync="TRUE">Pflegeklasse</domname><domdesc Sync="TRUE">Pflegeklasse</domdesc><domtype Sync="TRUE">Coded Value</domtype><mrgtype Sync="TRUE">Default value</mrgtype><splttype Sync="TRUE">Default value</splttype><domowner Sync="TRUE"></domowner><domfldtp Sync="TRUE">SmallInteger</domfldtp></stflddd></stfield><stfield><stfldnm Sync="TRUE">Altersstufe</stfldnm><stflddd><domname Sync="TRUE">Altersstufe</domname><domdesc Sync="TRUE">Altersstufe</domdesc><domtype Sync="TRUE">Coded Value</domtype><mrgtype Sync="TRUE">Default value</mrgtype><splttype Sync="TRUE">Default value</splttype><domowner Sync="TRUE"></domowner><domfldtp Sync="TRUE">SmallInteger</domfldtp></stflddd></stfield></subtype><attr><attrlabl Sync="TRUE">Pflegeklas</attrlabl><attalias Sync="TRUE">Pflegeklas</attalias><attrtype Sync="TRUE">Integer</attrtype><attwidth Sync="TRUE">5</attwidth><atprecis Sync="TRUE">5</atprecis><attscale Sync="TRUE">0</attscale></attr><attr><attrlabl Sync="TRUE">Altersstuf</attrlabl><attalias Sync="TRUE">Altersstuf</attalias><attrtype Sync="TRUE">Integer</attrtype><attwidth Sync="TRUE">5</attwidth><atprecis Sync="TRUE">5</atprecis><attscale Sync="TRUE">0</attscale></attr><subtype><stname Sync="TRUE">Spielgeraet</stname><stcode Sync="TRUE">6000</stcode><stfield><stfldnm Sync="TRUE">Profil</stfldnm><stflddd><domname Sync="TRUE">Spielgeraet</domname><domdesc Sync="TRUE">Spielgeraet</domdesc><domtype Sync="TRUE">Coded Value</domtype><mrgtype Sync="TRUE">Default value</mrgtype><splttype Sync="TRUE">Default value</splttype><domowner Sync="TRUE"></domowner><domfldtp Sync="TRUE">SmallInteger</domfldtp></stflddd></stfield><stfield><stfldnm Sync="TRUE">Pflegeklasse</stfldnm><stflddd><domname Sync="TRUE">Pflegeklasse</domname><domdesc Sync="TRUE">Pflegeklasse</domdesc><domtype Sync="TRUE">Coded Value</domtype><mrgtype Sync="TRUE">Default value</mrgtype><splttype Sync="TRUE">Default value</splttype><domowner Sync="TRUE"></domowner><domfldtp Sync="TRUE">SmallInteger</domfldtp></stflddd></stfield><stfield><stfldnm Sync="TRUE">Altersstufe</stfldnm><stflddd><domname Sync="TRUE">Altersstufe</domname><domdesc Sync="TRUE">Altersstufe</domdesc><domtype Sync="TRUE">Coded Value</domtype><mrgtype Sync="TRUE">Default value</mrgtype><splttype Sync="TRUE">Default value</splttype><domowner Sync="TRUE"></domowner><domfldtp Sync="TRUE">SmallInteger</domfldtp></stflddd></stfield></subtype><subtype><stname Sync="TRUE">Sportgeraet</stname><stcode Sync="TRUE">6100</stcode><stfield><stfldnm Sync="TRUE">Profil</stfldnm><stflddd><domname Sync="TRUE">Sportgeraet</domname><domdesc Sync="TRUE">Sportgeraet</domdesc><domtype Sync="TRUE">Coded Value</domtype><mrgtype Sync="TRUE">Default value</mrgtype><splttype Sync="TRUE">Default value</splttype><domowner Sync="TRUE"></domowner><domfldtp Sync="TRUE">SmallInteger</domfldtp></stflddd></stfield><stfield><stfldnm Sync="TRUE">Pflegeklasse</stfldnm><stflddd><domname Sync="TRUE">Pflegeklasse</domname><domdesc Sync="TRUE">Pflegeklasse</domdesc><domtype Sync="TRUE">Coded Value</domtype><mrgtype Sync="TRUE">Default value</mrgtype><splttype Sync="TRUE">Default value</splttype><domowner Sync="TRUE"></domowner><domfldtp Sync="TRUE">SmallInteger</domfldtp></stflddd></stfield><stfield><stfldnm Sync="TRUE">Altersstufe</stfldnm><stflddd><domname Sync="TRUE">Altersstufe</domname><domdesc Sync="TRUE">Altersstufe</domdesc><domtype Sync="TRUE">Coded Value</domtype><mrgtype Sync="TRUE">Default value</mrgtype><splttype Sync="TRUE">Default value</splttype><domowner Sync="TRUE"></domowner><domfldtp Sync="TRUE">SmallInteger</domfldtp></stflddd></stfield></subtype><subtype><stname Sync="TRUE">unbekannt</stname><stcode Sync="TRUE">8900</stcode><stfield><stfldnm Sync="TRUE">Profil</stfldnm><stflddd><domname Sync="TRUE">unbekannt - Punkte</domname><domdesc Sync="TRUE">unbekannt - Punkte</domdesc><domtype Sync="TRUE">Coded Value</domtype><mrgtype Sync="TRUE">Default value</mrgtype><splttype Sync="TRUE">Default value</splttype><domowner Sync="TRUE"></domowner><domfldtp Sync="TRUE">SmallInteger</domfldtp></stflddd></stfield><stfield><stfldnm Sync="TRUE">Pflegeklasse</stfldnm><stflddd><domname Sync="TRUE">Pflegeklasse</domname><domdesc Sync="TRUE">Pflegeklasse</domdesc><domtype Sync="TRUE">Coded Value</domtype><mrgtype Sync="TRUE">Default value</mrgtype><splttype Sync="TRUE">Default value</splttype><domowner Sync="TRUE"></domowner><domfldtp Sync="TRUE">SmallInteger</domfldtp></stflddd></stfield><stfield><stfldnm Sync="TRUE">Altersstufe</stfldnm><stflddd><domname Sync="TRUE">Altersstufe</domname><domdesc Sync="TRUE">Altersstufe</domdesc><domtype Sync="TRUE">Coded Value</domtype><mrgtype Sync="TRUE">Default value</mrgtype><splttype Sync="TRUE">Default value</splttype><domowner Sync="TRUE"></domowner><domfldtp Sync="TRUE">SmallInteger</domfldtp></stflddd></stfield></subtype><attr><attrlabl Sync="TRUE">d_Schema</attrlabl><attalias Sync="TRUE">d_Schema</attalias><attrtype Sync="TRUE">String</attrtype><attwidth Sync="TRUE">254</attwidth><atprecis Sync="TRUE">0</atprecis><attscale Sync="TRUE">0</attscale></attr><attr><attrlabl Sync="TRUE">d_Profil</attrlabl><attalias Sync="TRUE">d_Profil</attalias><attrtype Sync="TRUE">String</attrtype><attwidth Sync="TRUE">254</attwidth><atprecis Sync="TRUE">0</atprecis><attscale Sync="TRUE">0</attscale></attr><attr><attrlabl Sync="TRUE">d_Pflegekl</attrlabl><attalias Sync="TRUE">d_Pflegekl</attalias><attrtype Sync="TRUE">String</attrtype><attwidth Sync="TRUE">254</attwidth><atprecis Sync="TRUE">0</atprecis><attscale Sync="TRUE">0</attscale></attr><attr><attrlabl Sync="TRUE">d_Altersst</attrlabl><attalias Sync="TRUE">d_Altersst</attalias><attrtype Sync="TRUE">String</attrtype><attwidth Sync="TRUE">254</attwidth><atprecis Sync="TRUE">0</atprecis><attscale Sync="TRUE">0</attscale></attr></detailed></eainfo><mdDateSt Sync="TRUE">20211101</mdDateSt></metadata>
